"vID";"vDATE";"V226";"V227";"V228";"V229";"V230";"V231";"V232";"V233";"V1";"V234.C1";"V235.C1";"V236.C1";"V237.C1";"V5";"V2.C2";"V3.C2";"V4.C2";"V9.C2";"V11";"V6.C3";"V7.C3";"V8.C3";"V10.C3";"V16";"V12.C4";"V13.C4";"V14.C4";"V15.C4";"V21";"V17.C5";"V18.C5";"V19.C5";"V20.C5";"V26";"V22.C6";"V23.C6";"V24.C6";"V25.C6";"V31";"V27.C7";"V28.C7";"V29.C7";"V30.C7";"V36";"V32.C8";"V33.C8";"V34.C8";"V35.C8";"V41";"V37.C9";"V38.C9";"V39.C9";"V40.C9";"V46";"V47.C10";"V48.C10";"V49.C10";"V50.C10";"V51";"V42.C11";"V43.C11";"V44.C11";"V45.C11";"V56";"V52.C12";"V53.C12";"V54.C12";"V55.C12";"V61";"V57.C13";"V58.C13";"V59.C13";"V60.C13";"V66";"V62.C14";"V63.C14";"V64.C14";"V65.C14";"V71";"V72.C15";"V73.C15";"V74.C15";"V75.C15";"V91";"V67.C19";"V68.C19";"V69.C19";"V70.C19";"V76";"V92.C16";"V93.C16";"V94.C16";"V95.C16";"V81";"V77.C17";"V78.C17";"V79.C17";"V80.C17";"V86";"V82.C18";"V83.C18";"V84.C18";"V85.C18";"V96";"V87.C20";"V88.C20";"V89.C20";"V90.C20";"V101";"V97.C21";"V98.C21";"V99.C21";"V100.C21";"V106";"V107.C22";"V108.C22";"V109.C22";"V110.C22";"V111";"V102.C23";"V103.C23";"V104.C23";"V105.C23";"V116";"V112.C24";"V113.C24";"V114.C24";"V115.C24";"V121";"V117.C25";"V118.C25";"V119.C25";"V120.C25";"V126";"V122.C26";"V123.C26";"V124.C26";"V125.C26";"V131";"V127.C27";"V128.C27";"V129.C27";"V130.C27";"V136";"V132.C28";"V133.C28";"V134.C28";"V135.C28";"V141";"V137.C29";"V138.C29";"V139.C29";"V140.C29";"V146";"V142.C30";"V143.C30";"V144.C30";"V145.C30";"V151";"V147.C31";"V148.C31";"V149.C31";"V150.C31";"V156";"V152.C32";"V153.C32";"V154.C32";"V155.C32";"V161";"V157.C33";"V158.C33";"V159.C33";"V160.C33";"V166";"V162.C34";"V163.C34";"V164.C34";"V165.C34";"V171";"V167.C35";"V168.C35";"V169.C35";"V170.C35";"V176";"V172.C36";"V173.C36";"V174.C36";"V175.C36";"V181";"V177.C37";"V178.C37";"V179.C37";"V180.C37";"V186";"V182.C38";"V183.C38";"V184.C38";"V185.C38";"V191";"V187.C39";"V188.C39";"V189.C39";"V190.C39";"V196";"V192.C40";"V193.C40";"V194.C40";"V195.C40";"V201";"V197.C41";"V198.C41";"V199.C41";"V200.C41";"V206";"V202.C42";"V203.C42";"V204.C42";"V205.C42";"V211";"V207.C43";"V208.C43";"V209.C43";"V210.C43";"V216";"V212.C44";"V213.C44";"V214.C44";"V215.C44";"V221";"V217.C45";"V218.C45";"V219.C45";"V220.C45";"vANONYM";"vCOMPLETED";"vFINISHED";"vDURATION";"vQUOTE";"vLANG";"vSTART";"vEND";"vDEVICE";"vOS";"vBROWSER";"vREFERER";"vRUNTIME";"vPAGETIME1";"vPAGETIME2";"vPAGETIME3";"vPAGETIME4";"vPAGETIME5";"vPAGETIME6";"vPAGETIME7";"vPAGETIME8";"vPAGETIME9";"vPAGETIME10";"vPAGETIME11";"vPAGETIME12";"vPAGETIME13";"vPAGETIME14";"vPAGETIME15";"vPAGETIME16";"vPAGETIME17";"vPAGETIME18";"vPAGETIME19";"vPAGETIME20";"vPAGETIME21";"vPAGETIME22";"vPAGETIME23";"vPAGETIME24";"vPAGETIME25";"vPAGETIME26";"vPAGETIME27";"vPAGETIME28";"vPAGETIME29";"vPAGETIME30";"vPAGETIME31";"vPAGETIME32";"vPAGETIME33";"vPAGETIME34";"vPAGETIME35";"vPAGETIME36";"vPAGETIME37";"vPAGETIME38";"vPAGETIME39";"vPAGETIME40";"vPAGETIME41";"vPAGETIME42";"vPAGETIME43";"vPAGETIME44";"vPAGETIME45";"vPAGETIME46";"vPAGETIME47";"vPAGETIME48";"vPAGETIME49"
"1";"2019-07-28";"1";"2";" 18-24";"1";"1";"1";"";"";"1";"6";"6";"6";"5";"0";"4";"4";"4";"3";"1";"3";"5";"2";"2";"1";"4";"4";"3";"3";"0";"4";"4";"3";"2";"1";"5";"6";"6";"5";"1";"5";"5";"6";"5";"1";"6";"6";"6";"6";"1";"4";"4";"5";"2";"1";"4";"5";"4";"1";"1";"4";"5";"5";"5";"1";"5";"5";"5";"4";"1";"5";"6";"6";"4";"0";"5";"3";"3";"2";"0";"4";"3";"3";"1";"0";"4";"2";"2";"1";"1";"4";"4";"4";"3";"1";"6";"6";"6";"6";"0";"4";"4";"2";"1";"0";"5";"3";"3";"2";"1";"4";"4";"3";"4";"1";"3";"4";"3";"3";"0";"3";"5";"2";"1";"0";"2";"2";"1";"1";"0";"3";"2";"2";"2";"1";"5";"6";"6";"5";"1";"6";"6";"6";"6";"0";"5";"4";"5";"3";"1";"6";"6";"6";"6";"1";"6";"6";"6";"6";"1";"4";"6";"6";"6";"1";"5";"6";"6";"6";"1";"5";"6";"6";"3";"1";"5";"6";"6";"5";"1";"5";"5";"4";"2";"1";"3";"6";"6";"5";"0";"3";"5";"5";"2";"0";"4";"5";"5";"3";"0";"3";"6";"6";"2";"0";"4";"4";"5";"2";"1";"5";"6";"6";"5";"1";"4";"5";"5";"4";"1";"5";"5";"5";"4";"0";"4";"5";"5";"3";"0";"5";"5";"5";"3";"1";"1";"1";"691,37";"100,00%";"de";" 07/28/2019";" 07/28/2019";"Handy";"Android";"Chrome";"";" 00:11:31";"5";"18";"5";"13";"28";"18";"24";"18";"12";"14";"10";"19";"15";"16";"15";"14";"13";"12";"14";"13";"11";"15";"20";"13";"18";"14";"9";"8";"11";"10";"14";"11";"11";"17";"15";"16";"11";"27";"18";"13";"12";"14";"11";"13";"21";"17";"15";"9";"2"
"2";"2019-07-28";"1";"1";" 18-24";"";"1";"1";"";"1";"1";"5";"5";"5";"5";"0";"3";"3";"3";"4";"0";"4";"4";"3";"4";"0";"4";"3";"3";"3";"0";"3";"2";"1";"1";"1";"4";"5";"4";"5";"1";"5";"5";"5";"5";"0";"4";"3";"3";"4";"0";"4";"3";"3";"4";"0";"3";"3";"2";"2";"1";"5";"5";"5";"5";"1";"5";"5";"5";"5";"1";"4";"4";"4";"4";"0";"4";"3";"2";"4";"0";"3";"3";"2";"2";"0";"3";"3";"2";"2";"0";"4";"4";"2";"4";"1";"5";"5";"5";"5";"0";"3";"2";"2";"2";"0";"2";"2";"1";"1";"1";"5";"5";"4";"5";"1";"4";"4";"4";"4";"0";"4";"3";"3";"3";"0";"2";"2";"2";"2";"0";"2";"2";"2";"2";"1";"4";"4";"4";"4";"0";"3";"3";"3";"3";"1";"4";"4";"5";"5";"1";"4";"4";"5";"5";"1";"5";"5";"5";"5";"1";"4";"5";"5";"5";"1";"5";"4";"5";"5";"1";"4";"4";"4";"4";"1";"4";"5";"5";"5";"0";"4";"3";"4";"3";"0";"4";"4";"3";"4";"0";"3";"4";"4";"4";"0";"2";"2";"2";"2";"0";"3";"3";"3";"3";"0";"3";"3";"3";"3";"1";"4";"4";"4";"4";"0";"2";"2";"2";"3";"0";"2";"5";"3";"4";"0";"3";"3";"3";"3";"0";"3";"3";"3";"3";"1";"1";"1";"576,41";"100,00%";"de";" 07/28/2019";" 07/28/2019";"PC/Desktop";"Windows";"Chrome";"";" 00:09:36";"60";"23";"5";"6";"10";"13";"9";"7";"17";"9";"10";"13";"6";"6";"13";"9";"16";"10";"7";"31";"11";"8";"10";"15";"12";"9";"6";"6";"17";"4";"18";"6";"10";"9";"10";"6";"20";"11";"15";"12";"7";"9";"13";"12";"10";"17";"10";"5";"2"
"4";"2019-07-30";"1";"2";" 18-24";"1";"";"1";"";"";"1";"5";"5";"5";"5";"1";"5";"5";"4";"5";"0";"4";"4";"3";"3";"1";"3";"4";"3";"4";"1";"2";"2";"2";"4";"1";"5";"5";"5";"5";"1";"4";"4";"4";"3";"1";"4";"4";"4";"3";"0";"5";"5";"5";"3";"0";"4";"4";"4";"3";"1";"6";"5";"5";"6";"1";"6";"5";"5";"6";"1";"4";"4";"5";"4";"0";"4";"4";"4";"5";"0";"5";"5";"4";"4";"0";"4";"4";"4";"5";"1";"6";"6";"6";"6";"1";"6";"6";"6";"6";"0";"4";"4";"4";"5";"0";"5";"5";"5";"3";"1";"4";"5";"5";"5";"1";"4";"5";"4";"5";"1";"3";"4";"4";"3";"0";"3";"4";"4";"3";"0";"4";"5";"4";"5";"1";"5";"5";"5";"5";"1";"5";"5";"5";"5";"1";"5";"5";"5";"5";"1";"5";"5";"5";"5";"1";"4";"4";"4";"4";"1";"5";"5";"5";"5";"1";"5";"5";"5";"5";"1";"5";"5";"5";"5";"1";"5";"5";"5";"5";"0";"4";"4";"4";"4";"0";"4";"4";"4";"6";"0";"4";"4";"4";"4";"0";"4";"4";"4";"3";"0";"4";"4";"4";"3";"0";"4";"4";"4";"2";"0";"5";"5";"5";"6";"0";"4";"4";"4";"4";"0";"4";"4";"4";"3";"0";"4";"4";"4";"2";"0";"4";"4";"4";"2";"1";"1";"1";"776,37";"100,00%";"de";" 07/30/2019";" 07/30/2019";"PC/Desktop";"Windows";"Firefox";"";" 00:12:56";"147";"21";"62";"9";"18";"20";"12";"15";"10";"10";"11";"11";"14";"10";"13";"14";"10";"14";"10";"13";"9";"19";"9";"11";"11";"17";"10";"16";"16";"21";"13";"8";"8";"12";"9";"9";"9";"10";"11";"11";"12";"8";"10";"10";"10";"12";"14";"10";"2"
"5";"2019-08-02";"1";"2";" 18-24";"";"";"1";"";"";"1";"5";"6";"6";"6";"1";"5";"5";"5";"6";"1";"5";"6";"6";"6";"1";"3";"5";"5";"6";"1";"4";"5";"5";"5";"1";"6";"6";"6";"6";"1";"6";"6";"6";"6";"0";"5";"5";"6";"5";"1";"6";"6";"6";"6";"0";"5";"5";"6";"5";"1";"5";"5";"6";"6";"1";"5";"4";"5";"6";"1";"4";"5";"5";"5";"0";"2";"2";"2";"2";"0";"3";"4";"4";"3";"0";"2";"2";"2";"2";"0";"4";"5";"5";"5";"1";"6";"6";"6";"6";"0";"6";"6";"5";"5";"0";"4";"4";"2";"2";"1";"3";"4";"4";"5";"0";"3";"3";"3";"3";"0";"1";"1";"1";"1";"0";"1";"1";"1";"2";"0";"1";"1";"1";"1";"0";"5";"6";"6";"6";"0";"5";"5";"6";"5";"0";"3";"5";"6";"4";"1";"6";"6";"6";"6";"1";"5";"6";"6";"6";"1";"6";"6";"6";"6";"1";"5";"5";"6";"6";"1";"5";"5";"5";"5";"0";"3";"6";"6";"6";"0";"2";"5";"6";"6";"1";"4";"5";"6";"5";"1";"3";"5";"6";"5";"0";"3";"3";"5";"5";"0";"3";"5";"5";"5";"0";"3";"4";"5";"3";"1";"5";"6";"6";"6";"0";"4";"5";"6";"6";"0";"5";"5";"6";"5";"0";"3";"3";"4";"4";"0";"4";"5";"3";"4";"1";"1";"1";"705,33";"100,00%";"de";" 08/02/2019";" 08/02/2019";"Handy";"iOS";"Safari";"";" 00:11:45";"3";"12";"3";"12";"27";"15";"16";"15";"10";"8";"12";"18";"19";"13";"18";"15";"12";"20";"13";"19";"16";"14";"13";"21";"16";"9";"12";"18";"12";"13";"14";"10";"14";"10";"15";"15";"17";"19";"15";"16";"12";"12";"18";"13";"20";"11";"21";"28";"2"
"6";"2019-08-02";"1";"2";"17";"";"";"";"";"";"1";"4";"4";"4";"6";"0";"3";"3";"2";"3";"0";"2";"3";"2";"1";"0";"1";"1";"1";"1";"0";"1";"1";"1";"1";"1";"5";"5";"4";"5";"0";"3";"4";"4";"2";"0";"3";"5";"4";"3";"0";"3";"4";"3";"1";"0";"2";"5";"3";"1";"1";"5";"5";"5";"6";"1";"5";"4";"4";"5";"0";"3";"3";"3";"3";"0";"5";"5";"4";"2";"0";"3";"3";"2";"1";"0";"4";"4";"3";"1";"0";"3";"4";"2";"2";"0";"4";"4";"3";"2";"0";"3";"3";"3";"2";"0";"1";"1";"1";"1";"1";"2";"3";"2";"5";"0";"3";"3";"3";"3";"0";"1";"1";"1";"1";"0";"1";"2";"2";"1";"0";"2";"2";"1";"1";"0";"4";"5";"3";"4";"1";"4";"6";"3";"5";"0";"3";"4";"4";"2";"1";"4";"4";"4";"5";"0";"4";"4";"4";"4";"1";"4";"4";"4";"6";"1";"4";"4";"4";"5";"0";"3";"4";"4";"3";"0";"3";"4";"3";"3";"0";"2";"3";"4";"2";"1";"2";"3";"4";"5";"0";"2";"2";"3";"2";"0";"2";"2";"4";"2";"0";"2";"3";"3";"1";"0";"1";"2";"2";"1";"1";"4";"4";"4";"5";"0";"4";"4";"4";"4";"0";"3";"3";"3";"3";"0";"3";"4";"4";"1";"0";"3";"3";"3";"1";"1";"1";"1";"940,95";"98,94%";"de";" 08/02/2019";" 08/02/2019";"Handy";"Android";"Chrome";"";" 00:15:40";"8";"14";"23";"16";"10";"28";"9";"17";"19";"15";"20";"11";"17";"10";"20";"24";"25";"18";"16";"18";"15";"13";"15";"45";"30";"9";"16";"15";"40";"22";"21";"12";"22";"14";"13";"20";"24";"12";"15";"23";"17";"11";"39";"11";"38";"18";"21";"52";"1"
"7";"2019-08-03";"1";"1";" 18-24";"";"";"";"";"";"1";"5";"5";"5";"5";"";"";"";"";"";"";"";"";"";"";"";"";"";"";"";"";"";"";"";"";"";"";"";"";"";"";"";"";"";"";"";"";"";"";"";"";"";"";"";"";"";"";"";"";"";"";"";"";"";"";"";"";"";"";"";"";"";"";"";"";"";"";"";"";"";"";"";"";"";"";"";"";"";"";"";"";"";"";"";"";"";"";"";"";"";"";"";"";"";"";"";"";"";"";"";"";"";"";"";"";"";"";"";"";"";"0";"2";"3";"1";"2";"0";"2";"2";"1";"1";"";"";"";"";"";"";"";"";"";"";"";"";"";"";"";"";"";"";"";"";"";"";"";"";"";"1";"3";"6";"6";"6";"";"";"";"";"";"";"";"";"";"";"";"";"";"";"";"";"";"";"";"";"";"";"";"";"";"";"";"";"";"";"";"";"";"";"";"";"";"";"";"";"";"";"";"";"";"";"";"";"";"";"";"";"";"";"";"";"";"";"";"";"";"";"";"";"";"";"";"";"";"";"";"";"";"";"";"1";"0";"0";"135,77";"11,70%";"de";" 08/03/2019";"";"Handy";"Android";"Firefox";"";" 00:02:15";"4";"9";"6";"29";"0";"0";"0";"0";"0";"0";"0";"0";"0";"0";"0";"0";"0";"0";"0";"0";"0";"0";"0";"0";"0";"18";"26";"0";"0";"0";"0";"0";"44";"0";"0";"0";"0";"0";"0";"0";"0";"0";"0";"0";"0";"0";"0";"0";"0"
"8";"2019-08-03";"1";"1";" 18-24";"";"";"";"";"";"1";"4";"6";"6";"6";"1";"4";"2";"3";"6";"1";"4";"2";"4";"4";"1";"4";"1";"3";"4";"1";"3";"1";"2";"1";"1";"2";"5";"6";"6";"1";"3";"6";"6";"5";"0";"3";"4";"5";"6";"0";"3";"5";"5";"4";"0";"1";"3";"4";"3";"1";"5";"6";"6";"6";"1";"5";"5";"4";"6";"1";"4";"3";"3";"5";"0";"3";"3";"3";"4";"0";"4";"3";"5";"2";"0";"4";"3";"2";"4";"0";"5";"4";"5";"5";"0";"5";"5";"5";"6";"0";"5";"4";"5";"5";"0";"4";"3";"2";"2";"1";"2";"3";"2";"6";"1";"2";"2";"1";"6";"0";"2";"2";"3";"3";"0";"2";"1";"4";"2";"0";"2";"2";"3";"4";"1";"3";"4";"4";"3";"1";"5";"5";"5";"4";"0";"4";"4";"5";"4";"1";"4";"6";"6";"6";"1";"5";"5";"6";"6";"1";"5";"6";"6";"6";"1";"5";"6";"6";"6";"1";"4";"5";"5";"6";"1";"4";"5";"6";"6";"0";"5";"5";"6";"5";"1";"3";"5";"6";"6";"1";"2";"5";"6";"6";"0";"2";"4";"6";"5";"0";"1";"3";"4";"3";"0";"2";"3";"5";"3";"1";"5";"6";"5";"6";"1";"6";"5";"6";"6";"0";"5";"5";"6";"6";"0";"5";"5";"5";"5";"0";"5";"5";"5";"5";"1";"1";"1";"1708,79";"98,94%";"de";" 08/03/2019";" 08/03/2019";"PC/Desktop";"Windows";"Firefox";"";" 00:28:28";"7";"60";"8";"12";"51";"54";"45";"41";"24";"13";"22";"20";"31";"42";"39";"33";"39";"59";"62";"42";"26";"24";"25";"43";"47";"51";"66";"85";"71";"21";"39";"28";"13";"20";"15";"49";"46";"38";"33";"16";"32";"31";"39";"29";"19";"31";"26";"35";"9"
"9";"2019-08-03";"1";"1";" 18-24";"";"";"1";"";"";"1";"5";"6";"6";"6";"0";"3";"4";"3";"2";"0";"3";"3";"1";"2";"0";"1";"1";"1";"2";"0";"1";"1";"1";"1";"1";"6";"6";"6";"6";"1";"5";"6";"6";"6";"0";"5";"5";"6";"5";"0";"4";"5";"5";"5";"0";"5";"4";"4";"4";"1";"5";"6";"6";"6";"1";"6";"6";"6";"6";"0";"5";"5";"6";"6";"0";"4";"4";"5";"5";"0";"5";"5";"6";"4";"0";"4";"4";"4";"3";"1";"6";"6";"6";"6";"0";"5";"6";"6";"5";"0";"5";"5";"5";"5";"0";"3";"3";"3";"3";"1";"3";"3";"1";"6";"0";"1";"1";"1";"5";"0";"1";"1";"2";"5";"0";"2";"3";"3";"4";"0";"1";"2";"2";"3";"1";"5";"6";"6";"6";"0";"5";"5";"5";"5";"0";"4";"5";"5";"4";"1";"5";"6";"6";"6";"1";"6";"6";"6";"6";"1";"5";"6";"6";"6";"1";"5";"6";"6";"6";"0";"5";"6";"6";"5";"1";"3";"6";"6";"6";"0";"4";"5";"6";"5";"0";"6";"6";"6";"6";"0";"5";"5";"5";"4";"0";"2";"5";"5";"4";"0";"3";"4";"4";"2";"0";"3";"4";"5";"2";"0";"5";"6";"6";"6";"0";"6";"6";"6";"6";"0";"5";"6";"6";"5";"0";"6";"6";"5";"4";"0";"5";"6";"5";"2";"1";"1";"1";"565,79";"100,00%";"de";" 08/03/2019";" 08/03/2019";"PC/Desktop";"Windows";"Firefox";"";" 00:09:25";"17";"12";"6";"9";"16";"11";"10";"8";"7";"10";"11";"10";"10";"8";"11";"19";"19";"16";"10";"9";"14";"14";"12";"21";"12";"18";"18";"13";"8";"8";"13";"10";"7";"8";"12";"11";"13";"14";"9";"9";"12";"16";"14";"10";"7";"8";"11";"14";"2"
"10";"2019-08-03";"1";"1";" 40-59";"";"";"";"";"1";"";"";"";"";"";"";"";"";"";"";"";"";"";"";"";"";"";"";"";"";"";"";"";"";"";"";"";"";"";"";"";"";"";"";"";"";"";"";"";"";"";"";"";"";"";"";"";"";"";"";"";"";"";"";"";"";"";"";"";"";"";"";"";"";"";"";"";"";"";"";"";"";"";"";"";"";"";"";"";"";"";"";"";"";"";"";"";"";"";"";"";"";"";"";"";"";"";"";"";"";"";"";"";"";"";"";"";"";"";"";"";"";"";"";"";"";"";"";"";"";"";"";"";"";"";"";"";"";"";"";"";"";"";"";"";"";"";"";"";"";"";"";"";"";"";"";"";"";"";"";"";"";"";"";"";"";"";"";"";"";"";"";"";"";"";"";"";"";"";"";"";"";"";"";"";"";"";"";"";"";"";"";"";"";"";"";"";"";"";"";"";"";"";"";"";"0";"2";"1";"4";"2";"";"";"";"";"";"";"";"";"";"";"";"";"";"";"";"";"";"";"";"";"";"";"";"";"";"1";"0";"0";"94,74";"6,38%";"de";" 08/03/2019";"";"Handy";"Android";"Chrome";"";" 00:01:34";"35";"18";"5";"0";"0";"0";"0";"0";"0";"0";"0";"0";"0";"0";"0";"0";"0";"0";"0";"0";"0";"0";"0";"0";"0";"0";"0";"0";"0";"0";"0";"0";"0";"0";"0";"0";"0";"0";"0";"0";"0";"0";"37";"0";"0";"0";"0";"0";"0"
"11";"2019-08-03";"1";"1";" 40-59";"";"";"";"";"";"1";"5";"6";"6";"5";"1";"2";"3";"5";"5";"1";"1";"4";"5";"5";"0";"2";"2";"2";"4";"0";"2";"2";"3";"3";"1";"4";"6";"6";"6";"1";"5";"6";"6";"6";"1";"6";"6";"6";"6";"1";"6";"6";"6";"6";"1";"4";"6";"6";"6";"1";"5";"5";"6";"6";"1";"4";"3";"6";"6";"0";"5";"4";"4";"5";"0";"4";"5";"5";"5";"0";"2";"2";"2";"5";"1";"6";"6";"6";"6";"1";"5";"6";"6";"5";"1";"5";"6";"6";"6";"1";"6";"6";"6";"6";"1";"6";"5";"6";"6";"1";"1";"3";"3";"4";"0";"1";"3";"1";"4";"0";"1";"2";"2";"2";"0";"1";"1";"4";"3";"0";"1";"2";"1";"1";"1";"5";"6";"5";"6";"1";"5";"6";"6";"6";"1";"5";"6";"5";"6";"1";"5";"6";"6";"5";"1";"5";"6";"6";"6";"1";"1";"6";"6";"6";"1";"1";"5";"2";"5";"1";"1";"6";"6";"6";"1";"1";"6";"6";"6";"1";"1";"6";"6";"6";"0";"1";"6";"6";"5";"0";"1";"6";"5";"5";"0";"1";"6";"5";"5";"0";"1";"5";"6";"5";"0";"1";"5";"6";"5";"0";"4";"6";"6";"6";"0";"4";"6";"6";"4";"0";"4";"6";"6";"5";"0";"4";"6";"6";"5";"0";"2";"6";"6";"4";"1";"1";"1";"1379,26";"98,94%";"de";" 08/03/2019";" 08/03/2019";"Handy";"iOS";"Safari";"";" 00:22:59";"227";"53";"10";"14";"26";"18";"30";"36";"15";"15";"16";"32";"15";"38";"38";"31";"24";"31";"20";"45";"18";"22";"29";"32";"32";"21";"25";"26";"28";"15";"51";"14";"16";"19";"24";"10";"13";"21";"15";"15";"35";"26";"20";"13";"28";"22";"34";"20";"3"
"12";"2019-08-03";"1";"1";" 40-59";"";"";"";"";"1";"1";"6";"6";"6";"6";"1";"5";"5";"5";"5";"1";"6";"5";"4";"6";"0";"5";"3";"4";"1";"0";"5";"3";"2";"1";"1";"6";"6";"6";"6";"0";"4";"5";"5";"3";"0";"5";"4";"3";"2";"0";"5";"3";"3";"2";"0";"3";"3";"4";"1";"1";"6";"5";"5";"5";"1";"5";"5";"5";"5";"1";"4";"4";"4";"4";"0";"5";"4";"4";"3";"0";"5";"2";"3";"2";"0";"4";"3";"4";"2";"1";"5";"6";"6";"6";"1";"6";"6";"6";"5";"0";"5";"5";"5";"4";"0";"4";"4";"3";"1";"1";"4";"4";"4";"5";"1";"3";"3";"3";"3";"0";"1";"1";"2";"1";"0";"3";"2";"3";"2";"0";"2";"2";"2";"1";"0";"3";"3";"3";"1";"0";"4";"4";"4";"2";"0";"4";"3";"4";"1";"1";"5";"6";"6";"6";"0";"5";"4";"4";"3";"1";"6";"6";"6";"6";"1";"6";"6";"6";"6";"0";"5";"5";"5";"4";"0";"5";"5";"5";"5";"0";"4";"3";"4";"2";"1";"5";"6";"6";"5";"0";"3";"4";"5";"3";"0";"4";"4";"4";"1";"0";"4";"3";"4";"1";"0";"2";"2";"4";"1";"1";"6";"6";"6";"6";"1";"5";"5";"6";"6";"0";"5";"5";"5";"4";"0";"5";"4";"4";"1";"0";"4";"4";"4";"3";"1";"1";"1";"837,17";"100,00%";"de";" 08/03/2019";" 08/03/2019";"PC/Desktop";"Windows";"Chrome";"";" 00:13:57";"12";"7";"5";"9";"15";"20";"24";"12";"19";"32";"14";"18";"15";"21";"34";"29";"12";"18";"16";"23";"13";"46";"14";"14";"40";"20";"14";"19";"12";"17";"14";"13";"13";"16";"15";"13";"13";"12";"12";"23";"17";"20";"11";"9";"13";"21";"12";"19";"5"
"13";"2019-08-03";"1";"2";" 40-59";"";"";"1";"";"";"1";"6";"6";"6";"6";"0";"4";"5";"5";"5";"1";"6";"6";"5";"6";"0";"4";"4";"4";"4";"0";"4";"4";"3";"5";"1";"6";"6";"6";"6";"1";"6";"6";"6";"6";"1";"6";"6";"6";"6";"0";"4";"4";"4";"4";"0";"5";"5";"5";"5";"1";"6";"5";"6";"6";"0";"5";"5";"5";"5";"0";"4";"4";"5";"5";"0";"4";"4";"4";"4";"0";"4";"4";"5";"4";"0";"4";"4";"4";"4";"0";"6";"6";"6";"5";"1";"6";"6";"6";"6";"1";"5";"5";"5";"6";"0";"4";"5";"4";"5";"1";"5";"6";"5";"6";"0";"3";"4";"3";"5";"0";"3";"4";"3";"3";"0";"2";"3";"2";"2";"0";"3";"3";"3";"3";"0";"5";"5";"5";"5";"1";"6";"6";"6";"6";"0";"4";"6";"5";"6";"1";"6";"6";"6";"6";"1";"6";"6";"6";"6";"1";"6";"6";"6";"6";"1";"6";"6";"6";"6";"1";"6";"6";"6";"6";"1";"6";"6";"6";"6";"0";"5";"5";"5";"5";"1";"6";"6";"6";"6";"1";"6";"6";"6";"6";"0";"4";"5";"5";"5";"0";"4";"4";"4";"4";"0";"5";"6";"6";"5";"1";"5";"5";"5";"6";"1";"5";"5";"5";"5";"0";"4";"4";"4";"3";"0";"4";"4";"3";"4";"0";"5";"6";"6";"5";"1";"1";"1";"552,37";"100,00%";"de";" 08/03/2019";" 08/03/2019";"Tablet";"Android";"Sonstige";"";" 00:09:12";"14";"19";"13";"10";"11";"10";"11";"16";"6";"7";"8";"10";"7";"8";"11";"9";"13";"9";"11";"24";"6";"10";"25";"32";"15";"10";"10";"13";"10";"10";"23";"4";"5";"4";"10";"13";"9";"7";"5";"15";"10";"7";"12";"10";"6";"13";"7";"14";"8"
"14";"2019-08-04";"1";"2";"17";"";"";"";"";"";"1";"6";"6";"6";"6";"0";"3";"1";"2";"2";"0";"2";"2";"2";"3";"1";"4";"4";"3";"5";"0";"2";"2";"1";"2";"1";"6";"6";"6";"6";"1";"5";"6";"4";"4";"1";"5";"6";"5";"4";"0";"4";"5";"3";"2";"0";"4";"5";"4";"2";"1";"4";"5";"2";"6";"1";"2";"1";"2";"6";"0";"3";"2";"2";"3";"0";"2";"1";"1";"2";"0";"1";"1";"1";"1";"0";"5";"4";"4";"1";"0";"6";"6";"6";"3";"0";"5";"5";"4";"2";"0";"5";"6";"6";"1";"0";"4";"3";"5";"1";"1";"2";"1";"1";"3";"1";"1";"2";"1";"3";"0";"2";"2";"1";"1";"0";"1";"2";"1";"1";"0";"2";"2";"1";"1";"0";"3";"4";"3";"2";"1";"5";"6";"6";"5";"0";"2";"2";"1";"1";"1";"6";"6";"6";"6";"1";"4";"6";"6";"5";"1";"3";"5";"5";"5";"1";"4";"4";"4";"5";"1";"5";"6";"6";"6";"0";"5";"4";"3";"3";"0";"4";"3";"3";"2";"1";"2";"5";"3";"4";"0";"2";"1";"4";"2";"0";"1";"2";"3";"2";"0";"3";"2";"2";"1";"0";"1";"2";"2";"1";"0";"3";"3";"3";"3";"0";"3";"5";"6";"3";"0";"4";"5";"4";"1";"0";"4";"3";"3";"1";"0";"2";"3";"2";"1";"1";"1";"1";"871,61";"98,94%";"de";" 08/04/2019";" 08/04/2019";"Handy";"Android";"Sonstige";"";" 00:14:31";"6";"16";"4";"16";"26";"19";"14";"39";"13";"12";"26";"10";"25";"20";"14";"21";"10";"8";"12";"15";"13";"15";"34";"34";"29";"70";"9";"13";"16";"18";"10";"31";"14";"18";"14";"11";"13";"25";"15";"16";"15";"9";"14";"9";"26";"13";"16";"21";"3"
"15";"2019-08-05";"1";"2";" 25-39";"";"";"";"";"";"1";"1";"6";"6";"6";"0";"1";"2";"3";"2";"0";"1";"5";"4";"5";"0";"1";"5";"5";"6";"0";"1";"5";"5";"5";"1";"5";"6";"6";"6";"1";"5";"6";"5";"6";"1";"5";"5";"5";"5";"1";"5";"5";"5";"5";"1";"4";"5";"5";"6";"1";"4";"4";"4";"5";"1";"5";"5";"5";"5";"1";"4";"4";"4";"4";"0";"1";"1";"2";"2";"0";"4";"3";"4";"3";"1";"1";"6";"6";"6";"1";"1";"5";"5";"6";"1";"1";"6";"3";"5";"1";"1";"6";"6";"6";"0";"1";"1";"2";"3";"0";"1";"3";"3";"3";"0";"2";"4";"2";"4";"0";"1";"1";"2";"4";"0";"1";"2";"2";"2";"0";"1";"1";"1";"1";"1";"1";"6";"6";"6";"1";"1";"6";"6";"6";"0";"1";"5";"5";"5";"1";"1";"6";"6";"6";"1";"1";"6";"6";"6";"1";"1";"6";"6";"6";"1";"1";"5";"5";"5";"1";"1";"5";"5";"5";"1";"1";"5";"5";"6";"1";"1";"6";"6";"6";"1";"1";"6";"6";"6";"1";"1";"6";"6";"6";"1";"1";"6";"6";"6";"1";"1";"6";"6";"6";"0";"1";"5";"5";"5";"1";"1";"6";"6";"6";"1";"1";"6";"6";"6";"0";"1";"5";"4";"4";"0";"1";"6";"6";"5";"0";"1";"3";"3";"3";"1";"1";"1";"729,23";"98,94%";"de";" 08/05/2019";" 08/05/2019";"Handy";"iOS";"Safari";"";" 00:12:09";"8";"9";"3";"12";"14";"17";"39";"13";"11";"11";"11";"15";"16";"15";"14";"24";"11";"16";"15";"13";"20";"14";"12";"14";"26";"17";"9";"10";"12";"19";"11";"19";"18";"12";"16";"11";"14";"23";"10";"18";"11";"12";"15";"19";"12";"18";"25";"22";"2"
"16";"2019-08-05";"1";"2";" 40-59";"";"";"1";"";"";"1";"6";"6";"6";"6";"1";"5";"6";"6";"6";"1";"4";"2";"1";"2";"1";"5";"4";"4";"5";"0";"5";"5";"5";"5";"1";"6";"6";"6";"6";"0";"6";"6";"6";"6";"0";"3";"4";"4";"4";"1";"5";"5";"5";"5";"0";"3";"4";"4";"4";"1";"6";"6";"6";"6";"1";"4";"5";"5";"5";"0";"6";"6";"5";"5";"0";"4";"4";"4";"4";"0";"2";"2";"2";"1";"0";"4";"5";"5";"4";"1";"6";"6";"6";"6";"1";"6";"6";"6";"6";"0";"4";"4";"4";"4";"0";"3";"3";"3";"3";"1";"5";"5";"6";"6";"1";"4";"4";"5";"5";"0";"2";"2";"2";"2";"0";"2";"3";"2";"1";"0";"2";"2";"4";"4";"0";"4";"4";"4";"5";"0";"5";"5";"5";"6";"0";"3";"3";"3";"3";"1";"6";"6";"6";"6";"1";"5";"6";"5";"6";"1";"6";"6";"6";"6";"1";"5";"5";"5";"5";"0";"4";"5";"5";"5";"1";"3";"4";"4";"5";"1";"5";"5";"5";"5";"0";"5";"5";"6";"6";"1";"5";"6";"6";"6";"0";"4";"4";"5";"4";"0";"3";"4";"4";"2";"0";"4";"4";"4";"3";"1";"5";"5";"5";"6";"1";"6";"6";"6";"6";"0";"3";"3";"3";"3";"0";"2";"3";"3";"3";"1";"5";"5";"5";"5";"1";"1";"1";"1314,53";"100,00%";"de";" 08/05/2019";" 08/05/2019";"Handy";"iOS";"Safari";"";" 00:21:54";"11";"40";"6";"13";"51";"45";"17";"37";"20";"28";"26";"23";"21";"31";"20";"32";"32";"29";"16";"26";"17";"23";"18";"18";"20";"16";"18";"30";"20";"54";"14";"19";"13";"14";"14";"20";"23";"16";"28";"25";"45";"204";"12";"14";"24";"22";"14";"15";"20"
"17";"2019-08-05";"1";"2";"17";"";"";"1";"";"1";"";"";"";"";"";"";"";"";"";"";"";"";"";"";"";"";"";"";"";"";"1";"3";"4";"2";"4";"";"";"";"";"";"";"";"";"";"";"";"";"";"";"";"";"";"";"";"";"";"";"";"";"";"";"";"";"";"";"";"";"";"";"";"";"";"";"";"";"";"";"";"";"";"";"";"";"";"";"";"";"";"";"";"";"";"";"";"";"0";"4";"4";"3";"4";"0";"3";"3";"3";"3";"0";"1";"2";"1";"2";"";"";"";"";"";"";"";"";"";"";"";"";"";"";"";"";"";"";"";"";"";"";"";"";"";"";"";"";"";"";"";"";"";"";"";"";"";"";"";"";"";"";"";"";"";"1";"5";"6";"5";"5";"1";"5";"6";"6";"6";"";"";"";"";"";"";"";"";"";"";"0";"4";"4";"4";"4";"";"";"";"";"";"";"";"";"";"";"";"";"";"";"";"0";"3";"4";"3";"3";"";"";"";"";"";"";"";"";"";"";"";"";"";"";"";"";"";"";"";"";"";"";"";"";"";"";"";"";"";"";"";"";"";"";"";"1";"0";"0";"526,47";"21,28%";"de";" 08/05/2019";"";"Handy";"iOS";"Safari";"";" 00:08:46";"16";"27";"4";"0";"0";"0";"0";"86";"0";"0";"0";"0";"0";"0";"0";"0";"0";"0";"0";"0";"57";"32";"43";"0";"0";"0";"0";"0";"0";"0";"0";"0";"54";"32";"0";"0";"13";"0";"0";"0";"163";"0";"0";"0";"0";"0";"0";"0";"0"
"18";"2019-08-05";"1";"2";" 18-24";"1";"";"1";"";"1";"1";"5";"6";"6";"6";"1";"3";"6";"6";"6";"0";"4";"5";"3";"2";"0";"3";"4";"2";"3";"0";"4";"2";"2";"4";"1";"4";"6";"6";"6";"1";"5";"6";"6";"6";"1";"5";"6";"6";"6";"0";"4";"6";"6";"4";"0";"4";"5";"3";"2";"1";"6";"6";"6";"6";"1";"6";"6";"6";"6";"0";"5";"5";"6";"3";"0";"5";"6";"6";"4";"0";"5";"5";"6";"2";"0";"3";"4";"2";"1";"0";"5";"6";"5";"3";"0";"4";"5";"5";"5";"0";"4";"4";"4";"3";"0";"3";"4";"2";"2";"1";"2";"6";"5";"6";"0";"3";"5";"3";"4";"0";"3";"2";"3";"2";"0";"3";"2";"1";"2";"0";"1";"3";"1";"2";"0";"5";"6";"6";"4";"1";"4";"6";"6";"5";"1";"3";"6";"5";"1";"1";"4";"6";"6";"6";"1";"4";"6";"6";"6";"1";"4";"6";"6";"6";"1";"4";"6";"6";"6";"1";"5";"6";"6";"6";"0";"4";"6";"6";"6";"0";"3";"4";"5";"4";"1";"4";"6";"6";"6";"1";"4";"6";"6";"6";"1";"5";"5";"6";"5";"0";"4";"5";"4";"5";"0";"2";"3";"2";"2";"1";"4";"6";"6";"6";"0";"4";"6";"6";"5";"0";"2";"5";"5";"3";"0";"4";"6";"4";"4";"0";"3";"5";"6";"6";"1";"1";"1";"1068,65";"100,00%";"de";" 08/05/2019";" 08/05/2019";"Handy";"iOS";"Safari";"";" 00:17:48";"11";"33";"5";"13";"37";"15";"25";"28";"27";"12";"18";"15";"48";"16";"20";"50";"12";"45";"16";"18";"21";"16";"26";"21";"19";"17";"17";"16";"69";"26";"19";"11";"15";"18";"10";"22";"19";"39";"11";"11";"20";"20";"26";"33";"18";"23";"22";"16";"4"
"19";"2019-08-05";"1";"1";" 18-24";"1";"1";"1";"1";"";"1";"4";"4";"4";"5";"1";"4";"4";"4";"5";"0";"4";"3";"3";"3";"0";"4";"2";"2";"2";"0";"4";"2";"3";"2";"1";"5";"5";"4";"5";"1";"4";"5";"4";"4";"1";"4";"5";"4";"5";"0";"4";"5";"4";"4";"0";"3";"3";"3";"3";"1";"3";"4";"3";"5";"1";"4";"4";"3";"5";"1";"3";"3";"3";"4";"0";"3";"3";"3";"3";"0";"4";"3";"3";"1";"0";"4";"4";"3";"2";"0";"3";"3";"4";"3";"0";"4";"4";"4";"4";"0";"4";"4";"4";"4";"0";"4";"2";"4";"1";"0";"3";"3";"2";"5";"0";"3";"3";"3";"5";"0";"2";"3";"2";"4";"0";"2";"1";"3";"1";"0";"3";"1";"2";"1";"1";"4";"4";"4";"5";"1";"4";"4";"4";"4";"1";"4";"4";"4";"4";"1";"4";"5";"5";"6";"1";"4";"4";"3";"5";"1";"4";"4";"4";"5";"1";"3";"4";"4";"5";"1";"4";"4";"4";"5";"1";"3";"4";"4";"5";"1";"4";"4";"4";"5";"1";"3";"3";"4";"5";"0";"4";"4";"4";"3";"0";"2";"4";"4";"2";"0";"2";"4";"4";"2";"0";"3";"3";"2";"2";"1";"4";"4";"3";"4";"1";"4";"4";"4";"5";"0";"4";"4";"4";"3";"0";"4";"4";"4";"3";"1";"4";"4";"3";"3";"1";"1";"1";"1219,6";"100,00%";"de";" 08/05/2019";" 08/05/2019";"Handy";"iOS";"Safari";"";" 00:20:19";"11";"23";"3";"25";"35";"19";"26";"33";"17";"20";"20";"31";"24";"19";"35";"19";"29";"23";"18";"21";"20";"32";"17";"49";"27";"47";"12";"34";"21";"10";"24";"36";"29";"49";"24";"22";"31";"30";"36";"18";"31";"17";"46";"16";"29";"17";"16";"28";"2"
"20";"2019-08-05";"1";"1";" 40-59";"";"";"";"";"";"1";"6";"6";"6";"6";"1";"5";"5";"5";"5";"1";"5";"5";"6";"6";"1";"4";"4";"5";"5";"1";"5";"5";"5";"5";"1";"6";"6";"6";"6";"1";"6";"6";"6";"6";"1";"6";"6";"6";"6";"1";"6";"6";"6";"6";"1";"5";"5";"5";"5";"1";"4";"4";"5";"5";"1";"5";"5";"5";"5";"1";"4";"4";"5";"5";"1";"4";"4";"5";"4";"0";"2";"2";"2";"2";"0";"4";"4";"2";"2";"1";"4";"4";"5";"5";"1";"5";"5";"5";"5";"1";"5";"5";"5";"5";"0";"2";"2";"2";"1";"0";"4";"4";"3";"3";"0";"2";"1";"1";"1";"0";"4";"1";"2";"3";"0";"1";"1";"1";"1";"0";"1";"1";"1";"1";"1";"6";"6";"6";"6";"1";"6";"6";"6";"6";"1";"6";"6";"6";"6";"1";"6";"6";"6";"6";"1";"6";"6";"6";"6";"0";"3";"3";"1";"2";"1";"6";"6";"6";"6";"1";"6";"6";"6";"6";"1";"6";"6";"6";"6";"0";"3";"3";"3";"2";"0";"1";"1";"2";"2";"0";"2";"2";"2";"2";"0";"2";"2";"2";"1";"0";"1";"2";"2";"2";"0";"3";"2";"2";"2";"1";"6";"6";"6";"6";"1";"6";"6";"6";"6";"1";"6";"6";"6";"6";"1";"6";"6";"6";"6";"0";"2";"2";"1";"1";"1";"1";"1";"889,07";"98,94%";"de";" 08/05/2019";" 08/05/2019";"Handy";"iOS";"Safari";"";" 00:14:49";"13";"30";"6";"12";"16";"14";"36";"16";"18";"22";"14";"16";"21";"20";"11";"18";"24";"15";"23";"16";"16";"20";"28";"23";"18";"25";"12";"18";"19";"22";"20";"16";"18";"21";"16";"17";"16";"23";"17";"17";"14";"13";"27";"18";"18";"14";"13";"27";"4"
"21";"2019-08-06";"1";"2";" 40-59";"";"";"";"";"";"";"";"";"";"";"";"";"";"";"";"";"";"";"";"";"0";"1";"1";"1";"1";"";"";"";"";"";"";"";"";"";"";"";"";"";"";"";"";"";"";"";"";"1";"6";"6";"6";"6";"";"";"";"";"";"";"";"";"";"";"1";"3";"3";"3";"3";"";"";"";"";"";"";"";"";"";"";"0";"1";"1";"1";"1";"1";"6";"6";"6";"6";"";"";"";"";"";"1";"6";"6";"6";"6";"";"";"";"";"";"1";"6";"6";"6";"6";"";"";"";"";"";"";"";"";"";"";"";"";"";"";"";"";"";"";"";"";"";"";"";"";"";"";"";"";"";"";"";"";"";"";"";"1";"6";"6";"6";"6";"";"";"";"";"";"";"";"";"";"";"";"";"";"";"";"";"";"";"";"";"";"";"";"";"";"";"";"";"";"";"";"";"";"";"";"";"";"";"";"";"";"";"";"";"";"";"";"";"";"";"";"";"";"";"";"0";"1";"3";"6";"1";"0";"3";"3";"3";"3";"";"";"";"";"";"0";"3";"3";"3";"1";"";"";"";"";"";"";"";"";"";"";"1";"0";"0";"359,84";"26,60%";"de";" 08/06/2019";"";"Handy";"Android";"Chrome";"";" 00:05:59";"8";"26";"5";"0";"0";"0";"21";"0";"0";"0";"0";"67";"0";"0";"21";"0";"0";"22";"20";"0";"20";"0";"24";"0";"0";"0";"0";"0";"0";"0";"18";"0";"0";"0";"0";"0";"0";"0";"0";"0";"0";"0";"37";"22";"0";"50";"0";"0";"0"
"22";"2019-08-06";"1";"2";" 18-24";"";"";"";"";"";"1";"6";"6";"6";"6";"1";"5";"5";"5";"5";"0";"3";"3";"4";"4";"0";"3";"3";"3";"2";"1";"3";"3";"1";"5";"1";"6";"6";"6";"6";"1";"6";"6";"6";"6";"1";"6";"6";"6";"6";"1";"6";"6";"6";"5";"1";"6";"6";"6";"6";"1";"5";"5";"5";"5";"1";"5";"5";"5";"5";"1";"5";"5";"5";"5";"0";"6";"4";"3";"5";"0";"1";"1";"1";"1";"0";"3";"4";"4";"3";"1";"6";"6";"6";"6";"1";"6";"6";"6";"6";"1";"5";"5";"5";"5";"0";"4";"4";"4";"4";"1";"1";"1";"1";"3";"1";"3";"2";"2";"5";"0";"1";"1";"1";"3";"0";"1";"1";"1";"1";"0";"1";"1";"1";"3";"0";"3";"4";"4";"4";"1";"6";"6";"6";"6";"0";"4";"3";"4";"3";"1";"6";"6";"6";"6";"1";"6";"6";"6";"6";"1";"6";"6";"6";"6";"1";"6";"6";"6";"6";"1";"6";"6";"6";"6";"1";"5";"5";"5";"5";"0";"3";"3";"3";"3";"0";"1";"1";"2";"2";"0";"2";"2";"2";"2";"0";"1";"1";"2";"2";"0";"3";"3";"3";"3";"0";"2";"2";"2";"2";"1";"4";"4";"4";"4";"0";"4";"4";"5";"4";"0";"4";"4";"4";"5";"0";"5";"5";"5";"5";"0";"3";"3";"4";"3";"1";"1";"1";"586,45";"98,94%";"de";" 08/06/2019";" 08/06/2019";"Handy";"iOS";"Safari";"";" 00:09:46";"33";"12";"5";"8";"9";"10";"11";"16";"9";"9";"10";"16";"12";"17";"8";"13";"11";"10";"11";"10";"10";"16";"10";"11";"13";"11";"9";"9";"8";"16";"11";"10";"9";"8";"8";"8";"11";"11";"11";"9";"12";"15";"9";"16";"14";"10";"48";"10";"3"
"23";"2019-08-06";"1";"2";" 18-24";"";"";"";"";"";"1";"3";"5";"5";"6";"0";"4";"4";"2";"5";"0";"4";"2";"3";"2";"0";"2";"2";"2";"3";"0";"2";"1";"1";"2";"1";"6";"5";"6";"5";"1";"5";"5";"4";"5";"0";"4";"4";"3";"4";"1";"6";"5";"5";"5";"0";"3";"2";"2";"2";"1";"2";"2";"3";"5";"1";"2";"3";"3";"5";"0";"2";"1";"2";"3";"0";"1";"1";"1";"2";"0";"1";"1";"1";"2";"0";"4";"4";"3";"4";"0";"4";"4";"3";"5";"0";"3";"4";"4";"4";"0";"4";"3";"4";"3";"0";"2";"1";"1";"2";"1";"2";"1";"1";"5";"0";"2";"2";"1";"3";"0";"1";"1";"1";"1";"0";"1";"1";"1";"1";"0";"1";"1";"1";"1";"0";"2";"3";"4";"3";"1";"4";"5";"5";"5";"1";"2";"5";"2";"6";"1";"3";"5";"5";"6";"0";"5";"4";"3";"5";"1";"3";"4";"4";"5";"1";"3";"4";"3";"6";"1";"3";"4";"3";"5";"1";"2";"4";"5";"5";"0";"3";"2";"2";"4";"0";"2";"3";"4";"3";"0";"2";"4";"3";"2";"0";"1";"2";"2";"3";"0";"2";"2";"2";"1";"0";"2";"3";"2";"3";"1";"5";"5";"5";"5";"1";"4";"4";"4";"5";"0";"4";"4";"3";"5";"0";"3";"3";"3";"4";"0";"3";"3";"4";"4";"1";"1";"1";"1137,39";"98,94%";"de";" 08/06/2019";" 08/06/2019";"PC/Desktop";"Windows";"Internet Explorer";"";" 00:18:57";"7";"11";"131";"16";"30";"36";"31";"40";"32";"21";"30";"25";"22";"26";"23";"20";"9";"13";"22";"26";"20";"19";"18";"21";"21";"10";"9";"13";"20";"34";"41";"21";"17";"25";"19";"17";"18";"17";"14";"20";"19";"16";"24";"16";"21";"25";"36";"15";"2"
"24";"2019-08-07";"1";"2";" 18-24";"";"";"";"";"";"1";"5";"6";"6";"5";"1";"5";"6";"5";"6";"0";"4";"4";"4";"4";"1";"5";"4";"5";"6";"1";"4";"4";"5";"5";"1";"6";"6";"6";"6";"1";"5";"6";"6";"5";"0";"6";"6";"5";"4";"1";"6";"6";"6";"5";"0";"6";"6";"6";"4";"1";"5";"4";"5";"6";"1";"4";"3";"4";"6";"1";"6";"4";"5";"4";"0";"5";"4";"5";"6";"0";"4";"3";"2";"1";"1";"5";"6";"6";"6";"0";"5";"5";"5";"4";"1";"5";"5";"5";"5";"0";"5";"5";"5";"4";"0";"5";"5";"4";"4";"1";"2";"3";"2";"5";"1";"4";"4";"4";"5";"1";"3";"4";"3";"5";"0";"3";"4";"2";"2";"0";"2";"2";"2";"1";"0";"5";"5";"6";"3";"0";"5";"6";"6";"2";"0";"5";"5";"6";"2";"1";"5";"6";"6";"5";"1";"6";"6";"6";"6";"1";"3";"6";"6";"6";"1";"4";"5";"5";"6";"1";"4";"5";"6";"6";"1";"5";"6";"6";"5";"1";"5";"5";"6";"4";"0";"3";"5";"3";"3";"0";"3";"5";"4";"3";"0";"3";"6";"3";"3";"1";"3";"5";"4";"4";"0";"2";"3";"3";"3";"1";"5";"6";"6";"5";"1";"5";"6";"5";"5";"0";"5";"5";"5";"4";"0";"5";"5";"4";"3";"0";"5";"5";"6";"4";"1";"1";"1";"979,27";"98,94%";"de";" 08/07/2019";" 08/07/2019";"Handy";"Android";"Chrome";"";" 00:16:19";"13";"20";"5";"16";"22";"31";"23";"25";"19";"15";"21";"14";"20";"15";"23";"23";"17";"18";"25";"25";"19";"23";"25";"16";"22";"24";"19";"15";"16";"15";"15";"12";"14";"18";"16";"18";"18";"18";"21";"16";"44";"36";"54";"21";"16";"18";"19";"20";"2"
"25";"2019-08-07";"1";"1";" 18-24";"";"";"";"";"";"1";"3";"5";"6";"5";"1";"3";"5";"5";"5";"1";"4";"5";"3";"5";"0";"5";"5";"2";"3";"0";"3";"4";"3";"4";"1";"3";"6";"6";"6";"1";"3";"6";"6";"6";"0";"4";"4";"5";"3";"0";"4";"4";"5";"2";"0";"4";"5";"5";"3";"1";"5";"4";"5";"5";"1";"5";"3";"3";"4";"1";"5";"4";"4";"4";"0";"5";"3";"3";"3";"0";"3";"3";"2";"2";"0";"5";"5";"5";"3";"1";"5";"5";"4";"5";"1";"4";"4";"4";"5";"0";"5";"4";"3";"3";"0";"3";"2";"2";"2";"0";"3";"2";"3";"4";"1";"4";"4";"4";"5";"0";"2";"3";"3";"3";"0";"2";"2";"2";"2";"0";"3";"2";"1";"1";"0";"3";"3";"5";"2";"0";"3";"3";"5";"2";"0";"4";"4";"4";"2";"1";"4";"5";"5";"5";"1";"5";"5";"5";"5";"1";"3";"5";"5";"5";"1";"3";"4";"5";"5";"1";"4";"5";"5";"5";"0";"4";"5";"5";"4";"1";"5";"5";"5";"6";"1";"3";"5";"5";"5";"1";"5";"5";"5";"3";"0";"4";"4";"3";"3";"0";"2";"3";"5";"2";"1";"2";"4";"4";"5";"1";"4";"4";"5";"5";"0";"4";"5";"5";"3";"0";"4";"3";"4";"2";"0";"4";"4";"4";"4";"0";"4";"4";"6";"1";"1";"1";"1";"896,93";"98,94%";"de";" 08/07/2019";" 08/07/2019";"Handy";"Android";"Chrome";"";" 00:14:56";"7";"20";"8";"13";"15";"25";"25";"18";"27";"18";"18";"18";"24";"15";"17";"19";"21";"12";"18";"26";"37";"20";"12";"19";"17";"11";"10";"11";"9";"12";"13";"16";"12";"18";"17";"17";"45";"20";"16";"96";"19";"12";"13";"17";"10";"11";"12";"13";"2"
"26";"2019-08-07";"1";"2";" 18-24";"";"";"";"";"";"1";"6";"6";"5";"6";"1";"2";"5";"3";"5";"0";"2";"2";"3";"1";"1";"1";"3";"2";"1";"0";"1";"1";"1";"1";"1";"6";"6";"6";"6";"1";"6";"5";"6";"6";"1";"4";"6";"5";"2";"1";"6";"6";"5";"4";"1";"5";"4";"4";"4";"1";"5";"6";"4";"6";"1";"4";"3";"3";"6";"1";"4";"5";"4";"5";"0";"3";"4";"3";"1";"0";"2";"1";"2";"1";"0";"5";"5";"5";"4";"1";"5";"6";"5";"5";"1";"6";"6";"5";"5";"0";"5";"5";"5";"4";"0";"5";"4";"4";"4";"1";"2";"3";"1";"5";"1";"2";"4";"1";"4";"0";"2";"3";"1";"2";"0";"1";"3";"1";"1";"0";"1";"2";"1";"1";"0";"5";"5";"4";"2";"1";"4";"4";"5";"4";"0";"4";"5";"5";"2";"1";"5";"5";"6";"5";"1";"6";"6";"5";"5";"1";"5";"6";"6";"6";"0";"4";"4";"3";"3";"1";"5";"6";"5";"6";"1";"4";"4";"5";"4";"1";"4";"5";"5";"3";"0";"3";"4";"4";"4";"0";"4";"5";"4";"3";"0";"4";"5";"4";"2";"0";"4";"5";"5";"4";"0";"4";"5";"4";"3";"1";"5";"6";"6";"6";"0";"5";"4";"5";"3";"0";"4";"5";"5";"3";"0";"4";"5";"4";"2";"0";"5";"3";"4";"2";"1";"1";"1";"864,35";"98,94%";"de";" 08/07/2019";" 08/07/2019";"Handy";"iOS";"Safari";"";" 00:14:24";"11";"15";"5";"14";"16";"18";"21";"13";"15";"13";"13";"13";"23";"17";"21";"18";"19";"20";"21";"24";"20";"22";"24";"24";"21";"32";"23";"10";"15";"30";"24";"14";"12";"11";"32";"18";"18";"23";"23";"14";"17";"19";"14";"17";"15";"14";"13";"14";"1"
"27";"2019-08-07";"1";"2";" 18-24";"";"";"1";"";"";"";"";"";"";"";"";"";"";"";"";"";"";"";"";"";"";"";"";"";"";"";"";"";"";"";"1";"5";"6";"6";"6";"";"";"";"";"";"";"";"";"";"";"";"";"";"";"";"";"";"";"";"";"1";"3";"3";"4";"4";"";"";"";"";"";"";"";"";"";"";"";"";"";"";"";"";"";"";"";"";"";"";"";"";"";"";"";"";"";"";"";"";"";"";"";"";"";"";"";"";"";"";"";"";"";"";"";"";"";"";"";"";"";"";"";"";"";"";"";"";"";"";"";"";"";"";"";"";"";"";"";"";"";"";"";"";"";"";"";"";"";"";"";"";"";"";"";"";"";"";"";"";"";"";"";"";"";"";"";"";"";"";"";"";"";"";"";"";"";"";"";"";"";"";"";"";"";"";"";"";"";"";"";"";"";"";"";"";"";"";"";"";"";"";"";"";"";"";"";"";"";"";"";"";"";"";"";"";"";"";"";"";"";"";"";"";"";"";"";"";"";"";"";"";"";"";"";"";"";"";"1";"0";"0";"2209,76";"8,51%";"de";" 08/07/2019";"";"Handy";"Android";"Chrome";"";" 00:36:49";"6";"17";"2109";"0";"0";"0";"0";"0";"31";"0";"0";"0";"0";"47";"0";"0";"0";"0";"0";"0";"0";"0";"0";"0";"0";"0";"0";"0";"0";"0";"0";"0";"0";"0";"0";"0";"0";"0";"0";"0";"0";"0";"0";"0";"0";"0";"0";"0";"0"
"28";"2019-08-08";"1";"1";" 18-24";"";"";"";"";"";"1";"5";"5";"5";"5";"0";"3";"3";"2";"3";"0";"2";"2";"2";"2";"0";"2";"2";"3";"3";"0";"1";"1";"1";"2";"0";"5";"5";"4";"5";"0";"4";"5";"5";"4";"0";"5";"4";"5";"4";"0";"5";"5";"4";"5";"0";"4";"4";"5";"4";"1";"3";"3";"3";"3";"0";"2";"2";"1";"1";"0";"3";"2";"3";"3";"0";"1";"1";"1";"1";"0";"3";"2";"1";"1";"0";"4";"4";"4";"4";"0";"4";"4";"4";"4";"0";"5";"5";"4";"4";"0";"5";"5";"5";"4";"0";"3";"3";"4";"3";"0";"2";"2";"2";"2";"0";"2";"2";"2";"2";"0";"2";"2";"1";"1";"0";"2";"2";"2";"2";"0";"1";"1";"2";"1";"0";"3";"4";"4";"5";"1";"5";"5";"4";"4";"1";"4";"5";"6";"5";"1";"5";"4";"5";"5";"1";"4";"4";"5";"5";"1";"5";"5";"5";"4";"1";"5";"4";"5";"4";"1";"5";"4";"5";"5";"1";"5";"5";"4";"5";"1";"5";"5";"4";"5";"0";"2";"2";"2";"2";"0";"2";"2";"1";"2";"0";"2";"2";"2";"1";"0";"1";"3";"1";"2";"0";"2";"1";"2";"1";"1";"4";"4";"5";"5";"0";"3";"3";"3";"3";"0";"3";"3";"2";"3";"0";"2";"3";"3";"3";"0";"3";"3";"3";"3";"1";"1";"1";"575,99";"98,94%";"de";" 08/08/2019";" 08/08/2019";"Handy";"iOS";"Safari";"";" 00:09:35";"7";"9";"3";"11";"25";"10";"14";"12";"12";"13";"15";"11";"12";"10";"11";"11";"11";"12";"18";"14";"13";"13";"11";"9";"20";"9";"13";"8";"9";"10";"16";"14";"11";"14";"11";"9";"12";"11";"9";"11";"12";"10";"12";"15";"17";"13";"12";"9";"1"
"29";"2019-08-08";"1";"2";" 18-24";"";"";"";"";"";"";"";"";"";"";"";"";"";"";"";"";"";"";"";"";"";"";"";"";"";"";"";"";"";"";"";"";"";"";"";"";"";"";"";"";"0";"3";"2";"2";"1";"";"";"";"";"";"0";"2";"2";"2";"1";"1";"6";"5";"6";"6";"";"";"";"";"";"";"";"";"";"";"";"";"";"";"";"";"";"";"";"";"0";"5";"5";"6";"5";"";"";"";"";"";"";"";"";"";"";"0";"5";"5";"6";"5";"";"";"";"";"";"1";"3";"4";"5";"5";"1";"4";"4";"6";"6";"";"";"";"";"";"";"";"";"";"";"";"";"";"";"";"";"";"";"";"";"";"";"";"";"";"";"";"";"";"";"";"";"";"";"";"1";"5";"6";"6";"6";"1";"2";"4";"6";"6";"";"";"";"";"";"";"";"";"";"";"";"";"";"";"";"1";"4";"5";"6";"6";"";"";"";"";"";"";"";"";"";"";"";"";"";"";"";"";"";"";"";"";"";"";"";"";"";"";"";"";"";"";"";"";"";"";"";"0";"3";"4";"5";"4";"0";"3";"3";"4";"3";"0";"3";"3";"4";"3";"1";"0";"0";"295,92";"30,85%";"de";" 08/08/2019";"";"Handy";"iOS";"Safari";"";" 00:04:55";"7";"9";"3";"0";"0";"0";"0";"0";"0";"0";"25";"0";"23";"21";"0";"0";"0";"0";"15";"0";"0";"23";"0";"17";"17";"0";"0";"0";"0";"0";"0";"0";"14";"23";"0";"0";"0";"15";"0";"0";"0";"0";"0";"0";"0";"20";"23";"42";"0"
"30";"2019-08-10";"1";"1";" 18-24";"";"";"1";"";"";"1";"5";"6";"6";"6";"1";"6";"6";"6";"6";"0";"4";"4";"5";"4";"1";"4";"4";"3";"6";"1";"4";"4";"2";"4";"1";"4";"5";"5";"5";"1";"4";"4";"2";"4";"1";"5";"5";"5";"5";"0";"4";"5";"5";"4";"0";"5";"6";"6";"5";"1";"4";"6";"5";"5";"1";"5";"5";"4";"4";"1";"5";"6";"4";"6";"0";"4";"4";"3";"3";"0";"2";"4";"4";"3";"0";"4";"4";"3";"4";"1";"6";"6";"6";"6";"1";"4";"5";"4";"5";"1";"5";"6";"4";"5";"0";"4";"4";"2";"2";"1";"3";"5";"3";"5";"0";"3";"3";"3";"2";"0";"2";"3";"3";"1";"0";"2";"6";"3";"2";"0";"2";"2";"1";"1";"0";"2";"4";"2";"3";"0";"3";"5";"5";"5";"0";"1";"2";"2";"1";"1";"6";"6";"6";"6";"1";"6";"6";"6";"6";"1";"6";"6";"6";"6";"1";"6";"6";"6";"6";"1";"5";"6";"6";"6";"0";"4";"5";"4";"4";"0";"3";"3";"4";"5";"1";"4";"5";"5";"6";"0";"4";"5";"3";"3";"0";"4";"4";"4";"3";"0";"2";"3";"3";"1";"0";"4";"5";"4";"3";"1";"5";"6";"6";"6";"1";"5";"5";"5";"5";"0";"4";"3";"3";"4";"0";"3";"3";"2";"2";"0";"2";"3";"3";"2";"1";"1";"1";"925,1";"100,00%";"de";" 08/10/2019";" 08/10/2019";"Handy";"Android";"Chrome";"";" 00:15:25";"12";"20";"10";"23";"15";"29";"25";"15";"15";"25";"13";"18";"25";"33";"26";"30";"26";"15";"13";"23";"34";"19";"18";"15";"13";"14";"19";"13";"16";"27";"15";"11";"11";"14";"10";"12";"24";"13";"21";"53";"13";"15";"35";"15";"11";"15";"24";"13";"2"
"31";"2019-08-13";"1";"1";" 18-24";"";"";"";"";"";"";"";"";"";"";"1";"5";"5";"5";"2";"1";"3";"6";"3";"6";"";"";"";"";"";"";"";"";"";"";"1";"4";"5";"6";"6";"";"";"";"";"";"";"";"";"";"";"0";"2";"2";"2";"2";"";"";"";"";"";"";"";"";"";"";"";"";"";"";"";"1";"4";"4";"4";"6";"0";"2";"2";"3";"2";"0";"2";"2";"2";"2";"";"";"";"";"";"";"";"";"";"";"";"";"";"";"";"";"";"";"";"";"0";"2";"4";"3";"2";"";"";"";"";"";"";"";"";"";"";"";"";"";"";"";"0";"2";"2";"2";"2";"0";"1";"2";"2";"1";"";"";"";"";"";"";"";"";"";"";"";"";"";"";"";"";"";"";"";"";"1";"4";"6";"6";"6";"";"";"";"";"";"";"";"";"";"";"";"";"";"";"";"";"";"";"";"";"";"";"";"";"";"1";"3";"3";"5";"6";"0";"2";"6";"6";"4";"";"";"";"";"";"0";"2";"5";"5";"3";"";"";"";"";"";"";"";"";"";"";"";"";"";"";"";"";"";"";"";"";"";"";"";"";"";"";"";"";"";"";"1";"0";"0";"216,08";"32,98%";"de";" 08/13/2019";"";"Handy";"Android";"Chrome";"";" 00:03:36";"5";"9";"3";"0";"15";"19";"0";"0";"13";"0";"0";"11";"0";"0";"0";"16";"16";"11";"0";"0";"0";"0";"13";"0";"0";"0";"13";"13";"0";"0";"0";"0";"10";"0";"0";"0";"0";"0";"15";"18";"0";"15";"0";"0";"0";"0";"0";"0";"0"
"32";"2019-08-13";"1";"1";" 18-24";"";"";"";"";"";"1";"6";"6";"6";"6";"";"";"";"";"";"";"";"";"";"";"";"";"";"";"";"1";"1";"1";"1";"3";"";"";"";"";"";"";"";"";"";"";"1";"1";"6";"6";"6";"1";"1";"6";"6";"6";"1";"1";"6";"6";"6";"";"";"";"";"";"1";"4";"6";"2";"6";"1";"5";"5";"5";"5";"";"";"";"";"";"";"";"";"";"";"";"";"";"";"";"";"";"";"";"";"";"";"";"";"";"";"";"";"";"";"0";"2";"3";"2";"1";"";"";"";"";"";"";"";"";"";"";"0";"1";"1";"1";"1";"0";"2";"2";"1";"1";"";"";"";"";"";"1";"6";"6";"6";"6";"";"";"";"";"";"1";"6";"6";"6";"6";"";"";"";"";"";"1";"6";"6";"6";"6";"1";"4";"5";"5";"6";"";"";"";"";"";"";"";"";"";"";"";"";"";"";"";"";"";"";"";"";"1";"1";"6";"6";"6";"";"";"";"";"";"";"";"";"";"";"";"";"";"";"";"";"";"";"";"";"1";"1";"6";"6";"6";"0";"5";"4";"3";"5";"";"";"";"";"";"";"";"";"";"";"0";"4";"2";"2";"5";"1";"0";"0";"306,26";"41,49%";"de";" 08/13/2019";"";"Handy";"iOS";"Safari";"";" 00:05:06";"9";"18";"3";"10";"0";"0";"0";"17";"0";"0";"22";"11";"13";"0";"13";"23";"0";"0";"0";"0";"0";"0";"16";"0";"0";"9";"12";"0";"10";"0";"11";"0";"8";"14";"0";"0";"0";"0";"18";"0";"0";"0";"0";"27";"16";"0";"0";"23";"0"
"33";"2019-08-13";"1";"1";" 18-24";"";"";"";"";"";"1";"6";"6";"6";"6";"0";"3";"1";"3";"2";"0";"3";"1";"1";"1";"0";"4";"1";"3";"1";"0";"4";"4";"4";"4";"0";"4";"4";"4";"4";"0";"4";"5";"5";"4";"0";"4";"4";"5";"4";"0";"3";"3";"3";"2";"0";"2";"2";"2";"2";"1";"6";"6";"6";"6";"0";"4";"3";"3";"3";"0";"4";"4";"5";"3";"0";"1";"1";"1";"1";"0";"4";"3";"3";"1";"0";"1";"3";"1";"1";"0";"4";"5";"5";"5";"0";"4";"5";"5";"4";"0";"4";"4";"3";"3";"0";"2";"1";"1";"1";"0";"3";"3";"3";"4";"0";"2";"2";"2";"2";"0";"4";"3";"3";"3";"0";"3";"3";"2";"2";"0";"2";"1";"1";"1";"0";"3";"3";"4";"4";"0";"5";"6";"6";"5";"0";"3";"6";"5";"1";"1";"6";"6";"6";"6";"0";"3";"6";"6";"4";"1";"6";"6";"6";"6";"1";"6";"6";"6";"6";"1";"6";"6";"6";"6";"0";"4";"6";"6";"4";"0";"4";"6";"6";"4";"1";"6";"6";"6";"6";"0";"3";"4";"4";"3";"0";"2";"3";"2";"1";"0";"2";"3";"3";"2";"0";"2";"2";"3";"2";"1";"6";"6";"6";"6";"0";"4";"5";"5";"5";"0";"1";"1";"1";"1";"0";"4";"5";"4";"3";"0";"3";"3";"2";"1";"1";"1";"1";"1085,68";"98,94%";"de";" 08/13/2019";" 08/13/2019";"Handy";"Android";"Chrome";"";" 00:18:05";"13";"18";"6";"14";"20";"21";"52";"21";"21";"31";"46";"13";"16";"38";"72";"21";"27";"36";"18";"12";"31";"21";"13";"32";"14";"16";"29";"18";"15";"23";"26";"17";"18";"23";"23";"16";"34";"22";"16";"31";"14";"13";"27";"13";"18";"12";"20";"13";"2"
"34";"2019-08-14";"1";"1";" 25-39";"1";"";"";"";"";"";"";"";"";"";"";"";"";"";"";"";"";"";"";"";"";"";"";"";"";"";"";"";"";"";"";"";"";"";"";"";"";"";"";"";"";"";"";"";"";"";"";"";"";"";"";"";"";"";"";"";"";"";"";"";"";"";"";"";"";"";"";"";"";"";"";"";"";"";"";"";"";"";"";"";"";"";"";"";"";"";"";"";"";"";"";"";"";"";"";"";"";"";"";"";"";"";"";"";"";"";"";"";"";"";"";"";"";"";"";"";"";"";"";"";"";"";"";"";"";"";"";"";"";"";"";"";"";"";"";"";"";"";"";"";"";"";"";"";"";"";"";"";"";"";"";"";"";"";"";"";"";"";"";"";"";"";"";"";"";"";"";"";"";"";"";"";"";"";"";"";"";"";"";"";"";"";"";"";"";"";"";"";"";"";"";"";"";"";"";"";"";"";"";"";"";"";"";"";"";"";"";"";"";"";"";"";"";"";"";"";"";"";"";"";"";"";"";"";"";"";"";"";"";"";"1";"0";"0";"19,82";"4,26%";"de";" 08/14/2019";"";"Handy";"iOS";"Safari";"";" 00:00:19";"4";"13";"3";"0";"0";"0";"0";"0";"0";"0";"0";"0";"0";"0";"0";"0";"0";"0";"0";"0";"0";"0";"0";"0";"0";"0";"0";"0";"0";"0";"0";"0";"0";"0";"0";"0";"0";"0";"0";"0";"0";"0";"0";"0";"0";"0";"0";"0";"0"
"35";"2019-08-15";"1";"1";" 40-59";"";"";"1";"";"";"1";"5";"6";"6";"6";"1";"5";"5";"4";"6";"0";"5";"5";"4";"5";"0";"5";"3";"4";"3";"0";"4";"3";"3";"6";"1";"5";"6";"6";"6";"1";"5";"6";"6";"6";"0";"5";"5";"5";"5";"0";"5";"5";"5";"4";"0";"5";"6";"5";"4";"1";"5";"5";"6";"6";"1";"5";"6";"5";"6";"1";"6";"6";"6";"6";"0";"5";"4";"5";"4";"0";"5";"5";"5";"3";"1";"5";"5";"5";"5";"1";"5";"6";"6";"6";"1";"5";"6";"6";"6";"1";"5";"6";"5";"5";"0";"5";"6";"6";"5";"1";"4";"5";"5";"6";"1";"4";"4";"4";"5";"0";"3";"3";"3";"3";"0";"3";"4";"2";"4";"0";"4";"4";"3";"2";"0";"5";"5";"5";"5";"1";"6";"6";"6";"6";"0";"6";"5";"5";"4";"1";"5";"6";"6";"6";"1";"5";"6";"6";"6";"1";"4";"5";"5";"6";"1";"3";"5";"5";"6";"1";"3";"5";"6";"5";"0";"3";"5";"5";"4";"0";"3";"4";"5";"4";"1";"2";"5";"5";"6";"0";"2";"5";"5";"5";"0";"2";"5";"5";"3";"0";"3";"4";"5";"3";"0";"3";"3";"4";"3";"1";"5";"6";"6";"6";"1";"5";"5";"5";"5";"0";"5";"5";"5";"4";"0";"5";"5";"5";"5";"0";"5";"5";"5";"3";"1";"1";"1";"1365,09";"100,00%";"de";" 08/15/2019";" 08/15/2019";"Handy";"iOS";"Safari";"";" 00:22:45";"168";"19";"5";"23";"38";"23";"57";"43";"27";"16";"47";"26";"21";"20";"25";"18";"22";"21";"43";"22";"16";"26";"19";"21";"25";"18";"24";"27";"22";"20";"15";"22";"16";"24";"21";"55";"28";"36";"27";"23";"21";"17";"30";"15";"18";"44";"24";"25";"2"
"36";"2019-08-21";"1";"1";" 18-24";"";"";"";"";"";"";"";"";"";"";"0";"4";"6";"5";"5";"";"";"";"";"";"";"";"";"";"";"";"";"";"";"";"1";"3";"5";"5";"6";"";"";"";"";"";"";"";"";"";"";"";"";"";"";"";"";"";"";"";"";"";"";"";"";"";"";"";"";"";"";"";"";"";"";"";"";"";"";"";"";"";"";"";"";"";"";"";"";"";"";"";"";"";"";"";"";"";"";"";"";"";"";"";"";"";"";"";"";"";"";"";"";"";"";"";"";"";"";"";"";"";"";"";"";"";"";"";"";"";"";"";"";"";"";"";"";"";"";"";"";"";"";"";"";"";"";"";"";"";"";"";"";"";"";"";"";"";"";"";"";"0";"3";"5";"5";"5";"";"";"";"";"";"";"";"";"";"";"";"";"";"";"";"";"";"";"";"";"";"";"";"";"";"";"";"";"";"";"";"";"";"";"";"";"";"";"";"";"";"";"";"";"";"";"";"";"";"";"";"";"";"";"";"0";"2";"5";"5";"2";"";"";"";"";"";"";"";"";"";"";"1";"0";"0";"242,08";"11,70%";"de";" 08/21/2019";"";"Handy";"Android";"Sonstige";"";" 00:04:02";"6";"29";"9";"0";"67";"0";"0";"0";"44";"0";"0";"0";"0";"0";"0";"0";"0";"0";"0";"0";"0";"0";"0";"0";"0";"0";"0";"0";"0";"0";"0";"0";"0";"60";"0";"0";"0";"0";"0";"0";"0";"0";"0";"0";"0";"28";"0";"0";"0"
"37";"2019-08-22";"1";"1";" 18-24";"";"";"";"";"";"1";"4";"6";"6";"6";"0";"3";"3";"2";"2";"0";"3";"3";"3";"1";"0";"3";"2";"2";"2";"0";"3";"3";"3";"4";"1";"4";"6";"6";"6";"1";"6";"6";"6";"6";"0";"3";"2";"3";"3";"0";"4";"4";"4";"2";"0";"3";"4";"3";"2";"1";"4";"4";"4";"6";"0";"3";"2";"3";"5";"0";"2";"4";"3";"3";"0";"4";"4";"4";"2";"0";"2";"3";"4";"1";"0";"3";"3";"3";"2";"1";"4";"6";"5";"6";"1";"6";"6";"6";"6";"0";"5";"6";"6";"3";"0";"6";"5";"6";"2";"1";"1";"1";"1";"6";"0";"1";"1";"1";"1";"0";"1";"1";"1";"1";"0";"1";"1";"1";"1";"0";"1";"1";"1";"1";"0";"4";"4";"4";"2";"0";"4";"4";"4";"2";"0";"4";"4";"4";"4";"1";"3";"5";"4";"6";"1";"4";"5";"4";"4";"1";"6";"6";"6";"6";"1";"4";"4";"5";"6";"1";"4";"6";"6";"6";"0";"4";"6";"6";"3";"0";"6";"6";"6";"2";"1";"5";"6";"6";"6";"1";"6";"6";"6";"6";"0";"4";"4";"4";"2";"0";"4";"5";"6";"2";"0";"4";"4";"4";"1";"1";"6";"6";"6";"6";"0";"2";"3";"3";"3";"0";"4";"6";"6";"3";"0";"3";"5";"4";"2";"0";"4";"5";"6";"1";"1";"1";"1";"695,62";"98,94%";"de";" 08/22/2019";" 08/22/2019";"Handy";"Android";"Chrome";"";" 00:11:35";"3";"7";"158";"8";"11";"9";"15";"12";"16";"8";"17";"11";"14";"12";"17";"15";"11";"11";"17";"15";"9";"11";"17";"10";"11";"6";"8";"29";"11";"8";"11";"14";"15";"7";"15";"10";"11";"10";"8";"9";"11";"9";"10";"8";"11";"9";"10";"11";"2"
"38";"2019-08-25";"1";"2";" 18-24";"";"";"1";"";"";"";"";"";"";"";"";"";"";"";"";"";"";"";"";"";"1";"4";"6";"6";"6";"";"";"";"";"";"";"";"";"";"";"";"";"";"";"";"1";"5";"6";"6";"6";"";"";"";"";"";"";"";"";"";"";"";"";"";"";"";"";"";"";"";"";"1";"6";"6";"6";"6";"";"";"";"";"";"";"";"";"";"";"0";"4";"6";"4";"2";"1";"5";"6";"6";"6";"";"";"";"";"";"";"";"";"";"";"0";"5";"5";"3";"4";"";"";"";"";"";"0";"3";"6";"4";"5";"0";"2";"5";"3";"4";"";"";"";"";"";"0";"2";"6";"4";"1";"";"";"";"";"";"";"";"";"";"";"0";"5";"5";"6";"5";"";"";"";"";"";"1";"5";"6";"6";"6";"";"";"";"";"";"";"";"";"";"";"1";"5";"6";"6";"6";"";"";"";"";"";"0";"4";"5";"6";"3";"";"";"";"";"";"";"";"";"";"";"0";"4";"4";"4";"3";"";"";"";"";"";"";"";"";"";"";"1";"5";"6";"6";"6";"1";"5";"6";"6";"6";"";"";"";"";"";"";"";"";"";"";"";"";"";"";"";"1";"0";"0";"636,79";"38,30%";"de";" 08/25/2019";"";"Handy";"iOS";"Safari";"";" 00:10:36";"11";"18";"4";"0";"0";"0";"29";"0";"0";"0";"26";"0";"0";"0";"0";"28";"0";"0";"26";"77";"0";"0";"36";"0";"38";"88";"0";"26";"0";"0";"38";"0";"31";"0";"0";"17";"0";"25";"0";"0";"23";"0";"0";"30";"66";"0";"0";"0";"0"
"39";"2019-08-27";"1";"2";" 18-24";"";"";"1";"";"";"1";"5";"5";"5";"5";"1";"5";"5";"2";"5";"0";"5";"4";"3";"4";"0";"2";"2";"3";"4";"1";"5";"5";"3";"4";"1";"4";"6";"5";"6";"1";"6";"6";"6";"5";"1";"5";"5";"5";"5";"1";"5";"5";"4";"4";"1";"6";"5";"5";"4";"1";"3";"3";"3";"5";"1";"4";"4";"4";"5";"1";"5";"4";"3";"5";"0";"3";"3";"2";"2";"0";"4";"3";"1";"1";"0";"4";"4";"4";"2";"1";"5";"5";"4";"5";"0";"4";"4";"3";"5";"1";"6";"6";"6";"6";"0";"3";"3";"3";"3";"1";"1";"2";"1";"6";"1";"2";"3";"2";"5";"1";"1";"1";"1";"5";"0";"1";"1";"1";"1";"0";"2";"1";"1";"1";"0";"4";"4";"3";"2";"0";"4";"4";"4";"4";"0";"4";"4";"4";"4";"1";"5";"5";"5";"6";"1";"5";"5";"5";"5";"1";"5";"4";"4";"6";"1";"4";"5";"5";"6";"1";"5";"4";"4";"4";"0";"5";"5";"5";"5";"0";"4";"3";"3";"2";"0";"3";"3";"3";"3";"0";"4";"4";"4";"4";"0";"2";"3";"3";"2";"0";"3";"3";"3";"2";"0";"2";"3";"5";"1";"1";"5";"6";"4";"5";"0";"4";"4";"4";"4";"0";"4";"3";"3";"3";"0";"5";"4";"5";"4";"0";"4";"4";"3";"2";"1";"1";"1";"565,7";"100,00%";"de";" 08/26/2019";" 08/27/2019";"PC/Desktop";"Windows";"Chrome";"";" 00:09:25";"23";"20";"8";"5";"17";"9";"15";"11";"10";"9";"8";"15";"26";"9";"13";"14";"10";"8";"9";"9";"18";"7";"17";"12";"18";"9";"10";"14";"6";"10";"9";"34";"8";"18";"7";"8";"8";"9";"9";"8";"11";"6";"11";"10";"13";"7";"11";"8";"3"
"40";"2019-08-26";"1";"1";" 25-39";"";"";"1";"1";"";"1";"5";"5";"5";"5";"1";"3";"3";"2";"3";"0";"2";"2";"2";"2";"0";"3";"3";"1";"2";"1";"2";"2";"1";"4";"1";"4";"4";"4";"5";"1";"3";"3";"3";"3";"1";"4";"4";"4";"4";"0";"3";"2";"1";"3";"0";"3";"3";"1";"3";"1";"3";"3";"2";"5";"1";"4";"2";"3";"5";"1";"2";"2";"2";"4";"0";"2";"2";"2";"2";"0";"2";"2";"2";"2";"0";"4";"5";"5";"5";"1";"6";"6";"6";"6";"1";"6";"6";"6";"6";"0";"4";"4";"4";"4";"0";"5";"4";"5";"4";"1";"3";"4";"4";"5";"0";"3";"3";"3";"3";"0";"2";"2";"2";"3";"0";"1";"1";"1";"1";"0";"3";"3";"2";"4";"0";"2";"2";"2";"2";"1";"4";"6";"3";"5";"0";"4";"4";"3";"3";"1";"4";"4";"4";"4";"1";"4";"4";"4";"4";"1";"4";"4";"4";"4";"1";"2";"4";"5";"5";"1";"4";"4";"4";"4";"1";"3";"4";"4";"3";"1";"3";"3";"3";"3";"1";"2";"3";"5";"4";"0";"1";"4";"3";"3";"0";"1";"4";"4";"3";"0";"2";"5";"4";"4";"0";"3";"4";"3";"3";"0";"3";"3";"3";"3";"0";"3";"3";"3";"3";"0";"2";"2";"2";"2";"0";"4";"4";"3";"3";"0";"2";"2";"2";"2";"1";"1";"1";"649,95";"100,00%";"de";" 08/26/2019";" 08/26/2019";"PC/Desktop";"Windows";"Firefox";"";" 00:10:49";"10";"34";"11";"19";"21";"11";"11";"24";"16";"18";"10";"18";"19";"10";"20";"25";"9";"8";"18";"8";"14";"7";"14";"11";"34";"10";"6";"22";"6";"24";"18";"7";"9";"7";"12";"7";"16";"13";"13";"8";"11";"19";"9";"7";"5";"6";"9";"5";"2"
"41";"2019-08-26";"1";"2";" 25-39";"1";"1";"1";"1";"1";"";"";"";"";"";"";"";"";"";"";"0";"1";"1";"1";"1";"";"";"";"";"";"1";"1";"2";"3";"5";"";"";"";"";"";"";"";"";"";"";"";"";"";"";"";"";"";"";"";"";"";"";"";"";"";"";"";"";"";"";"1";"1";"2";"1";"1";"";"";"";"";"";"0";"1";"1";"1";"1";"";"";"";"";"";"";"";"";"";"";"";"";"";"";"";"";"";"";"";"";"";"";"";"";"";"0";"1";"1";"1";"1";"1";"1";"1";"2";"5";"1";"1";"1";"1";"1";"";"";"";"";"";"0";"1";"1";"1";"1";"";"";"";"";"";"0";"1";"1";"1";"1";"0";"6";"5";"2";"1";"";"";"";"";"";"";"";"";"";"";"";"";"";"";"";"1";"4";"5";"4";"5";"";"";"";"";"";"";"";"";"";"";"1";"3";"3";"4";"3";"";"";"";"";"";"";"";"";"";"";"";"";"";"";"";"";"";"";"";"";"";"";"";"";"";"0";"1";"1";"1";"1";"";"";"";"";"";"";"";"";"";"";"0";"1";"1";"1";"1";"";"";"";"";"";"0";"1";"1";"1";"1";"1";"0";"0";"135,59";"36,17%";"de";" 08/26/2019";"";"PC/Desktop";"Windows";"Chrome";"";" 00:02:15";"5";"9";"3";"0";"0";"4";"0";"21";"0";"0";"0";"0";"0";"0";"9";"0";"6";"0";"0";"0";"0";"0";"6";"7";"8";"0";"4";"0";"15";"11";"0";"0";"0";"7";"0";"0";"7";"0";"0";"0";"0";"0";"3";"0";"0";"4";"0";"5";"0"
"42";"2019-08-26";"1";"2";" 25-39";"1";"1";"1";"1";"";"1";"5";"6";"6";"6";"1";"5";"5";"5";"5";"1";"4";"5";"5";"5";"1";"5";"4";"5";"4";"1";"5";"4";"4";"4";"1";"6";"6";"6";"6";"1";"6";"6";"6";"6";"1";"5";"6";"6";"5";"1";"6";"6";"6";"5";"0";"5";"5";"5";"5";"1";"6";"5";"6";"6";"1";"5";"5";"5";"6";"1";"5";"5";"5";"5";"0";"4";"5";"5";"5";"0";"4";"4";"4";"4";"0";"5";"5";"5";"5";"0";"6";"6";"6";"6";"0";"6";"6";"6";"6";"0";"5";"6";"6";"5";"0";"6";"6";"6";"5";"1";"5";"5";"4";"6";"0";"5";"5";"5";"5";"0";"4";"5";"5";"5";"0";"2";"2";"2";"2";"0";"2";"4";"2";"2";"0";"5";"5";"5";"4";"0";"5";"5";"5";"3";"0";"4";"4";"4";"2";"1";"6";"6";"6";"6";"1";"6";"6";"6";"6";"1";"6";"6";"6";"6";"1";"6";"6";"6";"6";"0";"6";"6";"6";"6";"0";"5";"6";"6";"5";"0";"4";"6";"6";"6";"0";"3";"6";"6";"6";"0";"4";"6";"6";"5";"0";"2";"5";"5";"4";"0";"4";"5";"5";"4";"0";"2";"4";"4";"4";"0";"6";"6";"6";"6";"0";"6";"6";"6";"6";"0";"5";"6";"6";"5";"0";"5";"5";"5";"5";"0";"4";"6";"5";"4";"1";"1";"1";"1117,1";"100,00%";"de";" 08/26/2019";" 08/26/2019";"PC/Desktop";"Windows";"Firefox";"";" 00:18:37";"59";"102";"6";"16";"45";"24";"26";"53";"10";"15";"31";"13";"31";"17";"15";"34";"13";"13";"18";"26";"33";"20";"36";"20";"20";"25";"26";"18";"13";"17";"15";"11";"9";"11";"20";"22";"18";"57";"25";"15";"17";"13";"26";"11";"10";"13";"12";"14";"2"
"43";"2019-08-26";"1";"1";" 40-59";"1";"1";"1";"";"1";"";"";"";"";"";"";"";"";"";"";"0";"1";"2";"2";"2";"0";"2";"2";"2";"2";"";"";"";"";"";"";"";"";"";"";"0";"3";"4";"3";"4";"1";"4";"5";"5";"5";"";"";"";"";"";"1";"5";"5";"5";"5";"";"";"";"";"";"";"";"";"";"";"";"";"";"";"";"0";"4";"4";"4";"4";"0";"4";"4";"4";"4";"1";"3";"3";"3";"4";"1";"3";"3";"3";"3";"0";"3";"2";"2";"2";"1";"4";"4";"3";"4";"0";"2";"2";"2";"2";"0";"1";"2";"1";"2";"0";"2";"2";"2";"2";"0";"2";"2";"2";"2";"0";"3";"2";"3";"2";"";"";"";"";"";"1";"5";"6";"5";"6";"1";"5";"5";"5";"5";"";"";"";"";"";"1";"5";"5";"5";"5";"";"";"";"";"";"1";"4";"3";"4";"4";"1";"4";"5";"4";"5";"";"";"";"";"";"";"";"";"";"";"";"";"";"";"";"";"";"";"";"";"";"";"";"";"";"0";"3";"3";"3";"3";"0";"1";"1";"2";"2";"0";"2";"5";"3";"3";"";"";"";"";"";"";"";"";"";"";"0";"4";"3";"4";"3";"";"";"";"";"";"0";"3";"3";"4";"3";"1";"0";"0";"552,29";"59,57%";"de";" 08/26/2019";"";"PC/Desktop";"Windows";"Firefox";"";" 00:09:12";"6";"41";"2";"0";"0";"18";"20";"0";"0";"16";"18";"0";"20";"0";"0";"0";"20";"21";"20";"24";"23";"16";"16";"15";"18";"24";"21";"0";"32";"17";"0";"13";"0";"18";"16";"0";"0";"0";"0";"0";"18";"18";"25";"0";"0";"13";"0";"21";"0"
"44";"2019-08-26";"1";"1";" 18-24";"1";"1";"1";"1";"";"1";"5";"5";"5";"6";"1";"5";"4";"3";"6";"1";"6";"6";"2";"5";"0";"3";"4";"4";"3";"1";"5";"5";"5";"6";"1";"5";"5";"5";"5";"1";"6";"6";"6";"6";"1";"5";"6";"6";"6";"1";"5";"6";"6";"6";"1";"4";"6";"6";"6";"0";"5";"5";"5";"5";"0";"5";"5";"5";"4";"0";"5";"5";"5";"5";"0";"5";"4";"4";"4";"0";"3";"3";"3";"3";"0";"3";"4";"4";"3";"0";"5";"5";"5";"5";"0";"5";"5";"5";"5";"0";"5";"5";"5";"5";"0";"5";"5";"5";"4";"0";"3";"4";"3";"4";"0";"3";"3";"3";"4";"0";"1";"2";"2";"3";"0";"1";"1";"1";"1";"0";"1";"1";"1";"1";"1";"5";"5";"5";"5";"1";"5";"6";"6";"6";"1";"5";"5";"5";"4";"1";"6";"6";"6";"6";"1";"6";"6";"6";"6";"1";"6";"6";"6";"6";"1";"6";"6";"6";"6";"1";"5";"5";"5";"5";"1";"5";"6";"6";"6";"1";"5";"5";"5";"5";"0";"3";"5";"5";"5";"1";"5";"5";"5";"5";"0";"2";"5";"5";"3";"0";"4";"4";"4";"3";"0";"4";"5";"5";"4";"0";"5";"5";"5";"5";"0";"5";"5";"5";"4";"0";"5";"5";"5";"4";"0";"3";"5";"5";"3";"0";"4";"4";"4";"3";"1";"1";"1";"739,65";"100,00%";"de";" 08/26/2019";" 08/26/2019";"PC/Desktop";"Mac OS";"Chrome";"";" 00:12:19";"20";"15";"9";"13";"12";"27";"9";"11";"13";"19";"26";"9";"30";"44";"33";"35";"16";"29";"7";"29";"19";"11";"12";"26";"9";"11";"6";"8";"18";"8";"10";"20";"6";"5";"6";"14";"18";"9";"19";"13";"9";"10";"4";"13";"10";"8";"9";"13";"7"
"45";"2019-08-26";"1";"1";" 18-24";"1";"1";"1";"1";"";"1";"6";"6";"6";"6";"1";"3";"5";"4";"6";"0";"4";"4";"3";"4";"1";"3";"5";"3";"6";"0";"3";"1";"3";"2";"1";"5";"5";"5";"5";"1";"6";"6";"6";"6";"0";"3";"5";"5";"3";"0";"4";"5";"4";"4";"0";"2";"5";"5";"4";"1";"3";"5";"3";"6";"1";"5";"5";"5";"5";"1";"2";"4";"1";"5";"0";"5";"4";"4";"2";"0";"4";"4";"4";"2";"0";"5";"5";"3";"3";"1";"6";"6";"6";"6";"0";"5";"5";"4";"5";"0";"5";"5";"4";"4";"0";"3";"3";"1";"1";"1";"2";"4";"1";"6";"0";"2";"4";"1";"3";"0";"2";"3";"3";"2";"0";"2";"4";"2";"2";"0";"2";"4";"2";"2";"0";"4";"5";"6";"2";"1";"5";"5";"4";"3";"0";"4";"5";"4";"4";"1";"6";"6";"6";"5";"1";"6";"6";"6";"6";"1";"4";"6";"6";"6";"1";"6";"6";"6";"6";"1";"5";"4";"5";"5";"1";"5";"5";"5";"4";"0";"5";"5";"5";"3";"0";"1";"6";"6";"5";"0";"1";"6";"6";"4";"0";"2";"2";"6";"1";"0";"1";"5";"5";"2";"0";"1";"6";"6";"1";"0";"5";"5";"5";"6";"1";"4";"5";"5";"5";"0";"4";"5";"6";"4";"0";"5";"5";"4";"2";"0";"4";"5";"5";"2";"1";"1";"1";"868,42";"100,00%";"de";" 08/26/2019";" 08/26/2019";"PC/Desktop";"Windows";"Opera";"";" 00:14:28";"206";"13";"4";"4";"16";"16";"16";"23";"26";"9";"13";"20";"15";"16";"10";"18";"11";"15";"10";"8";"27";"10";"27";"20";"9";"11";"13";"5";"14";"27";"19";"7";"5";"16";"12";"20";"21";"12";"9";"7";"13";"16";"9";"16";"15";"12";"19";"9";"2"
"46";"2019-08-26";"1";"";"";"";"";"";"";"";"";"";"";"";"";"";"";"";"";"";"";"";"";"";"";"";"";"";"";"";"";"";"";"";"";"";"";"";"";"";"";"";"";"";"";"";"";"";"";"";"";"";"";"";"";"";"";"";"";"";"";"";"";"";"";"";"";"";"";"";"";"";"";"";"";"";"";"";"";"";"";"";"";"";"";"";"";"";"";"";"";"";"";"";"";"";"";"";"";"";"";"";"";"";"";"";"";"";"";"";"";"";"";"";"";"";"";"";"";"";"";"";"";"";"";"";"";"";"";"";"";"";"";"";"";"";"";"";"";"";"";"";"";"";"";"";"";"";"";"";"";"";"";"";"";"";"";"";"";"";"";"";"";"";"";"";"";"";"";"";"";"";"";"";"";"";"";"";"";"";"";"";"";"";"";"";"";"";"";"";"";"";"";"";"";"";"";"";"";"";"";"";"";"";"";"";"";"";"";"";"";"";"";"";"";"";"";"";"";"";"";"";"";"";"";"";"";"";"";"";"";"";"";"";"";"1";"0";"0";"11,12";"1,06%";"de";" 08/26/2019";"";"PC/Desktop";"Linux";"Chrome";"";" 00:00:11";"11";"0";"0";"0";"0";"0";"0";"0";"0";"0";"0";"0";"0";"0";"0";"0";"0";"0";"0";"0";"0";"0";"0";"0";"0";"0";"0";"0";"0";"0";"0";"0";"0";"0";"0";"0";"0";"0";"0";"0";"0";"0";"0";"0";"0";"0";"0";"0";"0"
"48";"2019-08-26";"1";"1";" 18-24";"1";"1";"1";"1";"1";"1";"4";"4";"4";"5";"1";"3";"3";"2";"2";"0";"2";"2";"3";"3";"0";"2";"2";"2";"2";"0";"2";"2";"2";"2";"1";"4";"4";"4";"3";"1";"3";"4";"4";"4";"0";"3";"3";"3";"3";"0";"4";"3";"4";"3";"0";"2";"2";"3";"2";"1";"4";"4";"4";"4";"1";"3";"3";"3";"3";"0";"4";"3";"4";"3";"0";"3";"3";"2";"4";"0";"2";"2";"2";"2";"0";"3";"3";"2";"4";"0";"2";"3";"3";"2";"0";"2";"3";"3";"2";"0";"3";"3";"3";"3";"0";"3";"2";"2";"2";"0";"2";"2";"2";"2";"0";"2";"2";"2";"2";"0";"1";"2";"1";"2";"0";"2";"2";"2";"2";"0";"2";"2";"2";"1";"1";"2";"3";"3";"2";"1";"4";"5";"3";"3";"0";"3";"3";"3";"3";"1";"4";"3";"4";"3";"1";"4";"3";"4";"4";"1";"4";"4";"4";"4";"0";"3";"3";"4";"3";"0";"2";"5";"4";"5";"1";"3";"2";"3";"3";"0";"3";"3";"3";"3";"1";"3";"3";"3";"3";"0";"2";"2";"2";"2";"0";"1";"2";"3";"2";"0";"3";"2";"2";"2";"0";"3";"3";"4";"3";"1";"4";"4";"2";"3";"0";"3";"2";"2";"2";"0";"3";"3";"3";"2";"0";"2";"2";"2";"2";"0";"3";"2";"3";"2";"1";"1";"1";"613,41";"100,00%";"de";" 08/26/2019";" 08/26/2019";"Handy";"iOS";"Safari";"";" 00:10:13";"5";"10";"3";"11";"12";"14";"15";"20";"11";"7";"11";"11";"9";"13";"13";"19";"15";"11";"15";"20";"12";"15";"9";"16";"8";"10";"14";"17";"37";"15";"17";"11";"10";"9";"4";"13";"15";"12";"12";"13";"10";"12";"13";"13";"12";"16";"11";"10";"2"
"49";"2019-08-26";"1";"2";" 25-39";"1";"1";"1";"1";"";"1";"5";"6";"6";"6";"1";"5";"6";"6";"6";"1";"4";"6";"6";"6";"0";"4";"4";"6";"4";"0";"3";"3";"3";"3";"1";"5";"6";"6";"6";"0";"4";"6";"6";"6";"0";"4";"6";"6";"4";"0";"4";"6";"6";"4";"0";"4";"6";"6";"4";"1";"5";"4";"6";"6";"1";"4";"4";"6";"6";"0";"5";"4";"6";"6";"0";"4";"4";"4";"5";"0";"4";"4";"5";"1";"0";"4";"6";"6";"4";"0";"5";"6";"6";"6";"1";"6";"6";"6";"6";"0";"5";"6";"6";"6";"0";"6";"6";"6";"2";"0";"3";"3";"3";"3";"0";"2";"2";"2";"2";"0";"2";"2";"2";"3";"0";"2";"2";"2";"2";"0";"2";"2";"2";"3";"0";"4";"6";"6";"5";"1";"4";"6";"6";"6";"0";"4";"6";"6";"2";"1";"4";"6";"6";"6";"1";"4";"6";"6";"6";"1";"5";"6";"6";"6";"1";"4";"6";"6";"6";"1";"4";"6";"6";"6";"0";"5";"6";"6";"5";"0";"4";"6";"6";"5";"0";"4";"5";"6";"6";"0";"4";"5";"6";"5";"0";"4";"6";"6";"3";"0";"4";"4";"6";"2";"0";"2";"4";"4";"2";"0";"5";"6";"6";"6";"0";"5";"6";"6";"6";"0";"5";"6";"6";"6";"0";"4";"6";"6";"3";"0";"4";"6";"6";"2";"1";"1";"1";"1576,19";"100,00%";"de";" 08/26/2019";" 08/26/2019";"PC/Desktop";"Windows";"Firefox";"";" 00:26:16";"979";"11";"18";"4";"12";"21";"16";"12";"8";"15";"8";"13";"11";"14";"15";"31";"18";"8";"2";"6";"10";"8";"13";"11";"5";"16";"6";"10";"12";"17";"13";"24";"14";"13";"9";"11";"11";"12";"10";"17";"8";"17";"15";"12";"8";"13";"9";"28";"2"
"50";"2019-08-26";"1";"1";" 25-39";"1";"";"1";"";"1";"";"";"";"";"";"";"";"";"";"";"";"";"";"";"";"";"";"";"";"";"";"";"";"";"";"";"";"";"";"";"";"";"";"";"";"";"";"";"";"";"";"";"";"";"";"";"";"";"";"";"";"";"";"";"";"";"";"";"";"";"";"";"";"";"";"";"";"";"";"";"";"";"";"";"";"";"";"";"";"";"";"";"";"";"";"";"";"";"";"";"";"";"";"";"";"";"";"";"";"";"";"";"";"";"";"";"";"";"";"";"";"";"";"";"";"";"";"";"";"";"";"";"";"";"";"";"";"";"";"";"";"";"";"";"";"";"";"";"";"";"";"";"";"";"";"";"";"";"";"";"";"";"";"";"";"";"";"";"";"";"";"";"";"";"";"";"";"";"";"";"";"";"";"";"";"0";"";"";"";"";"0";"2";"4";"4";"5";"";"";"";"";"";"";"";"";"";"";"";"";"";"";"";"";"";"";"";"";"";"";"";"";"";"";"";"";"";"";"";"";"";"";"";"";"";"";"";"";"1";"0";"0";"44,93";"7,45%";"de";" 08/26/2019";"";"PC/Desktop";"Windows";"Chrome";"";" 00:00:44";"3";"12";"1";"0";"0";"0";"0";"0";"0";"0";"0";"0";"0";"0";"0";"0";"0";"0";"0";"0";"0";"0";"0";"0";"0";"0";"0";"0";"0";"0";"0";"0";"0";"0";"0";"0";"0";"0";"8";"21";"0";"0";"0";"0";"0";"0";"0";"0";"0"
"51";"2019-08-26";"1";"2";" 18-24";"";"";"";"";"";"1";"5";"5";"5";"6";"0";"3";"4";"2";"4";"0";"3";"3";"1";"4";"0";"3";"3";"1";"5";"0";"2";"3";"1";"4";"1";"5";"5";"6";"6";"1";"5";"6";"6";"6";"0";"4";"4";"4";"4";"0";"4";"4";"4";"3";"0";"5";"5";"5";"4";"1";"5";"4";"5";"6";"0";"5";"4";"5";"5";"1";"2";"2";"5";"6";"0";"4";"3";"3";"3";"0";"4";"3";"3";"3";"0";"4";"5";"5";"4";"0";"5";"6";"5";"5";"0";"5";"5";"6";"5";"0";"5";"5";"6";"5";"0";"4";"4";"4";"5";"1";"3";"2";"3";"5";"0";"4";"4";"3";"4";"0";"2";"3";"3";"4";"0";"3";"3";"3";"4";"0";"2";"1";"1";"2";"0";"4";"4";"5";"4";"0";"3";"4";"4";"3";"0";"4";"4";"4";"2";"1";"5";"6";"6";"6";"1";"5";"5";"5";"6";"1";"5";"6";"6";"6";"1";"4";"6";"6";"6";"0";"5";"5";"5";"5";"0";"3";"4";"4";"4";"0";"3";"4";"4";"4";"0";"3";"5";"5";"6";"0";"1";"2";"3";"3";"0";"3";"3";"4";"4";"0";"2";"2";"3";"2";"0";"1";"2";"3";"2";"0";"5";"5";"5";"5";"0";"5";"4";"5";"5";"0";"3";"4";"4";"4";"0";"4";"4";"5";"3";"0";"2";"4";"3";"2";"1";"1";"1";"972,91";"98,94%";"de";" 08/26/2019";" 08/26/2019";"Handy";"iOS";"Safari";"";" 00:16:12";"6";"11";"3";"19";"15";"16";"19";"26";"13";"26";"18";"13";"32";"24";"26";"38";"14";"12";"18";"15";"23";"28";"22";"30";"12";"16";"30";"25";"30";"13";"16";"11";"20";"24";"36";"20";"16";"31";"26";"25";"19";"15";"22";"21";"15";"23";"24";"15";"3"
"52";"2019-08-26";"1";"2";" 25-39";"";"";"1";"1";"";"1";"5";"6";"6";"6";"0";"4";"4";"4";"4";"1";"4";"5";"4";"4";"1";"3";"5";"3";"4";"1";"3";"5";"3";"2";"1";"5";"5";"5";"5";"1";"4";"5";"5";"5";"1";"5";"5";"5";"5";"1";"5";"6";"6";"5";"0";"4";"5";"4";"3";"1";"5";"6";"6";"6";"1";"5";"6";"6";"5";"1";"4";"6";"5";"6";"0";"5";"5";"5";"4";"0";"2";"5";"5";"2";"0";"4";"6";"5";"4";"1";"5";"6";"6";"6";"1";"5";"5";"5";"5";"0";"5";"5";"4";"4";"0";"4";"5";"5";"1";"1";"2";"5";"4";"6";"0";"4";"5";"4";"2";"0";"4";"5";"3";"3";"0";"2";"4";"4";"1";"0";"2";"4";"3";"2";"0";"4";"5";"5";"3";"1";"4";"5";"4";"4";"0";"4";"5";"4";"3";"1";"5";"6";"6";"6";"1";"5";"6";"5";"6";"1";"5";"6";"6";"6";"1";"5";"6";"6";"6";"1";"4";"6";"6";"6";"0";"4";"5";"5";"5";"0";"4";"6";"5";"3";"1";"4";"6";"5";"5";"1";"4";"5";"5";"5";"0";"4";"5";"5";"3";"0";"4";"5";"5";"2";"0";"3";"5";"4";"1";"1";"4";"5";"5";"5";"1";"4";"6";"6";"5";"0";"4";"6";"5";"2";"0";"4";"6";"5";"3";"0";"4";"5";"5";"2";"1";"1";"1";"694,44";"100,00%";"de";" 08/26/2019";" 08/26/2019";"PC/Desktop";"Linux";"Firefox";"";" 00:11:34";"7";"14";"4";"12";"16";"21";"19";"21";"14";"7";"20";"16";"14";"14";"19";"29";"8";"14";"11";"17";"19";"13";"10";"10";"20";"16";"11";"10";"15";"35";"13";"7";"8";"7";"9";"26";"43";"11";"10";"9";"7";"12";"10";"10";"27";"9";"9";"10";"3"
"53";"2019-08-26";"1";"2";" 25-39";"";"";"1";"";"";"";"";"";"";"";"";"";"";"";"";"";"";"";"";"";"";"";"";"";"";"";"";"";"";"";"";"";"";"";"";"";"";"";"";"";"";"";"";"";"";"";"";"";"";"";"";"";"";"";"";"";"";"";"";"";"";"";"";"";"";"";"";"";"";"";"";"";"";"";"";"";"";"";"";"";"";"";"";"";"";"";"";"";"";"";"";"";"";"";"";"";"";"";"";"";"";"";"";"";"";"";"";"";"";"";"";"";"";"";"";"";"";"";"";"";"";"";"";"";"";"";"";"";"";"";"";"";"";"";"";"";"";"";"";"";"";"";"";"";"";"";"";"";"";"";"";"";"";"";"";"";"";"";"";"";"";"";"";"";"";"";"";"";"";"";"";"";"";"";"";"";"";"";"";"";"";"";"";"";"";"";"";"";"";"";"";"";"";"";"";"";"";"";"";"";"";"";"";"";"";"";"";"";"";"";"";"";"";"";"";"";"";"";"";"";"";"";"";"";"";"";"";"";"";"";"1";"0";"0";"27,19";"4,26%";"de";" 08/26/2019";"";"Handy";"iOS";"Safari";"";" 00:00:27";"4";"16";"7";"0";"0";"0";"0";"0";"0";"0";"0";"0";"0";"0";"0";"0";"0";"0";"0";"0";"0";"0";"0";"0";"0";"0";"0";"0";"0";"0";"0";"0";"0";"0";"0";"0";"0";"0";"0";"0";"0";"0";"0";"0";"0";"0";"0";"0";"0"
"54";"2019-08-26";"1";"1";" 18-24";"1";"1";"1";"";"";"1";"4";"5";"5";"5";"0";"4";"3";"4";"3";"0";"3";"4";"3";"3";"0";"3";"3";"5";"2";"0";"3";"3";"2";"1";"1";"5";"5";"6";"6";"1";"4";"4";"4";"4";"1";"3";"3";"4";"4";"0";"4";"3";"4";"3";"0";"5";"4";"5";"3";"1";"5";"4";"4";"4";"1";"3";"4";"4";"4";"1";"3";"4";"4";"5";"0";"3";"2";"3";"2";"0";"3";"3";"3";"2";"0";"4";"3";"3";"2";"1";"4";"4";"4";"4";"1";"5";"4";"5";"5";"0";"4";"4";"4";"4";"0";"3";"3";"2";"1";"1";"3";"3";"2";"5";"1";"3";"3";"3";"4";"1";"3";"2";"2";"3";"0";"1";"2";"1";"2";"0";"1";"2";"2";"2";"0";"4";"5";"5";"3";"0";"4";"5";"5";"3";"0";"4";"4";"3";"2";"1";"5";"5";"6";"6";"1";"5";"5";"4";"5";"1";"4";"4";"5";"5";"1";"4";"5";"4";"5";"1";"3";"4";"4";"4";"0";"4";"4";"5";"3";"0";"4";"4";"3";"3";"0";"3";"5";"4";"3";"1";"3";"4";"4";"4";"0";"4";"4";"4";"3";"0";"3";"3";"4";"2";"0";"2";"3";"3";"3";"1";"5";"5";"5";"5";"1";"4";"5";"4";"4";"0";"4";"5";"5";"3";"0";"4";"5";"4";"3";"0";"5";"5";"5";"3";"1";"1";"1";"785,53";"100,00%";"de";" 08/26/2019";" 08/26/2019";"PC/Desktop";"Windows";"Firefox";"";" 00:13:05";"8";"29";"3";"14";"21";"18";"15";"17";"12";"10";"17";"18";"19";"18";"17";"19";"23";"13";"12";"17";"24";"18";"12";"16";"12";"19";"16";"25";"18";"28";"19";"9";"15";"10";"18";"19";"17";"9";"31";"16";"17";"13";"10";"20";"15";"15";"12";"11";"2"
"55";"2019-08-26";"1";"1";" 18-24";"1";"";"1";"";"1";"";"";"";"";"";"";"";"";"";"";"";"";"";"";"";"0";"3";"3";"3";"2";"";"";"";"";"";"";"";"";"";"";"";"";"";"";"";"1";"2";"6";"6";"6";"";"1";"6";"6";"6";"";"";"";"";"";"";"";"";"";"";"";"";"";"";"";"1";"6";"2";"1";"5";"";"";"";"";"";"0";"2";"4";"4";"2";"";"";"";"";"";"";"";"";"";"";"1";"6";"6";"6";"6";"";"";"";"";"";"0";"6";"6";"6";"1";"1";"1";"6";"3";"4";"";"";"";"";"";"0";"1";"1";"1";"2";"0";"1";"2";"2";"2";"";"";"";"";"";"1";"4";"6";"6";"6";"1";"6";"6";"6";"6";"";"";"";"";"";"";"";"";"";"";"";"";"";"";"";"";"";"";"";"";"1";"4";"6";"6";"6";"";"";"";"";"";"1";"6";"6";"6";"6";"0";"6";"6";"6";"6";"";"";"";"";"";"0";"1";"6";"6";"1";"";"";"";"";"";"";"";"";"";"";"0";"1";"6";"6";"1";"";"";"";"";"";"";"";"";"";"";"";"";"";"";"";"";"";"";"";"";"";"";"";"";"";"1";"0";"0";"246,73";"39,36%";"de";" 08/26/2019";"";"PC/Desktop";"Windows";"Chrome";"";" 00:04:06";"13";"16";"9";"0";"0";"0";"14";"0";"0";"0";"8";"7";"0";"0";"0";"19";"0";"11";"0";"0";"5";"0";"6";"11";"0";"10";"27";"0";"12";"7";"0";"0";"0";"0";"38";"0";"5";"6";"0";"14";"0";"0";"9";"0";"0";"0";"0";"0";"0"
"56";"2019-08-26";"1";"1";" 18-24";"";"";"1";"";"";"1";"5";"5";"5";"6";"";"";"";"";"";"0";"3";"4";"5";"4";"";"";"";"";"";"0";"3";"4";"6";"4";"";"";"";"";"";"";"";"";"";"";"1";"4";"4";"4";"4";"1";"5";"6";"5";"5";"";"";"";"";"";"1";"4";"4";"5";"6";"1";"2";"5";"5";"6";"";"";"";"";"";"";"";"";"";"";"0";"1";"3";"5";"2";"";"";"";"";"";"";"";"";"";"";"";"";"";"";"";"0";"6";"5";"5";"4";"0";"5";"5";"5";"3";"1";"2";"4";"2";"6";"1";"2";"5";"3";"6";"0";"3";"4";"5";"4";"0";"2";"3";"2";"2";"";"";"";"";"";"";"";"";"";"";"1";"4";"5";"5";"6";"";"";"";"";"";"";"";"";"";"";"";"";"";"";"";"";"";"";"";"";"";"";"";"";"";"";"";"";"";"";"1";"2";"5";"5";"6";"";"";"";"";"";"1";"3";"5";"5";"6";"";"";"";"";"";"0";"4";"5";"5";"3";"";"";"";"";"";"";"";"";"";"";"";"";"";"";"";"";"";"";"";"";"";"";"";"";"";"0";"5";"5";"5";"3";"0";"2";"3";"4";"5";"1";"0";"0";"403,05";"46,81%";"de";" 08/26/2019";"";"PC/Desktop";"Windows";"Chrome";"";" 00:06:43";"7";"17";"5";"10";"0";"29";"0";"7";"0";"0";"11";"39";"0";"11";"12";"0";"0";"17";"0";"0";"0";"14";"49";"18";"13";"9";"16";"0";"0";"20";"0";"0";"0";"0";"0";"0";"31";"0";"23";"0";"22";"0";"0";"0";"0";"0";"15";"7";"0"
"57";"2019-08-26";"1";"1";" 18-24";"";"1";"";"";"";"";"";"";"";"";"";"";"";"";"";"1";"3";"4";"2";"6";"";"";"";"";"";"";"";"";"";"";"";"";"";"";"";"";"";"";"";"";"";"";"";"";"";"";"";"";"";"";"";"";"";"";"";"1";"5";"4";"4";"6";"";"";"";"";"";"";"";"";"";"";"";"";"";"";"";"";"";"";"";"";"0";"4";"5";"5";"5";"";"";"";"";"";"";"";"";"";"";"";"";"";"";"";"";"";"";"";"";"";"";"";"";"";"";"";"";"";"";"";"";"";"";"";"";"";"";"";"";"";"";"";"";"";"";"";"";"";"";"";"";"";"";"";"";"";"";"";"";"";"";"";"";"";"";"";"";"";"";"";"";"";"";"";"";"";"";"";"";"";"";"";"";"";"";"";"";"";"";"";"";"";"";"";"";"";"";"";"";"";"";"";"";"";"";"";"";"";"";"0";"3";"5";"4";"1";"";"";"";"";"";"";"";"";"";"";"";"";"";"";"";"";"";"";"";"";"";"";"";"";"";"0";"5";"2";"3";"4";"1";"0";"0";"154,69";"14,89%";"de";" 08/26/2019";"";"PC/Desktop";"Windows";"Chrome";"";" 00:02:34";"3";"19";"9";"0";"0";"20";"0";"0";"0";"0";"0";"0";"0";"25";"0";"0";"0";"0";"21";"0";"0";"0";"0";"0";"0";"0";"0";"0";"0";"0";"0";"0";"0";"0";"0";"0";"0";"0";"0";"0";"0";"35";"0";"0";"0";"0";"0";"23";"0"
"58";"2019-08-27";"1";"2";" 18-24";"";"1";"1";"";"";"1";"6";"6";"6";"6";"1";"3";"2";"2";"4";"1";"2";"2";"2";"4";"1";"3";"2";"2";"4";"0";"1";"1";"1";"2";"1";"6";"6";"6";"6";"1";"5";"5";"5";"5";"0";"5";"5";"5";"4";"0";"4";"6";"4";"3";"0";"4";"5";"4";"4";"1";"2";"2";"2";"5";"1";"2";"2";"2";"4";"0";"2";"2";"2";"3";"0";"2";"2";"2";"2";"0";"2";"2";"4";"2";"0";"2";"2";"2";"2";"0";"4";"4";"4";"3";"0";"3";"3";"3";"3";"0";"3";"4";"4";"3";"0";"4";"5";"4";"1";"1";"3";"2";"2";"5";"0";"3";"3";"3";"3";"0";"3";"3";"3";"3";"0";"2";"2";"2";"2";"0";"2";"3";"3";"1";"1";"5";"5";"5";"5";"0";"4";"4";"4";"3";"1";"4";"5";"5";"5";"1";"6";"6";"6";"6";"1";"6";"6";"6";"6";"1";"3";"3";"4";"4";"1";"4";"4";"4";"5";"1";"3";"3";"4";"4";"1";"3";"5";"5";"4";"0";"3";"4";"4";"5";"1";"2";"6";"6";"6";"1";"2";"2";"4";"4";"0";"3";"5";"4";"4";"0";"2";"4";"4";"1";"0";"2";"4";"4";"2";"1";"4";"5";"4";"4";"0";"2";"3";"3";"1";"0";"4";"5";"3";"3";"0";"2";"4";"4";"1";"0";"3";"5";"5";"1";"1";"1";"1";"912,85";"100,00%";"de";" 08/27/2019";" 08/27/2019";"Handy";"iOS";"Safari";"";" 00:15:12";"11";"20";"4";"11";"29";"19";"30";"21";"14";"24";"14";"40";"20";"15";"31";"18";"14";"18";"12";"35";"25";"15";"20";"25";"14";"16";"12";"19";"22";"27";"21";"11";"17";"12";"15";"15";"30";"22";"17";"24";"20";"16";"12";"12";"14";"23";"16";"15";"3"
"59";"2019-08-27";"1";"2";" 18-24";"";"1";"1";"";"1";"1";"3";"5";"5";"6";"";"";"";"";"";"";"";"";"";"";"1";"1";"2";"1";"6";"";"";"";"";"";"1";"2";"5";"4";"6";"";"";"";"";"";"1";"2";"5";"4";"6";"1";"2";"5";"6";"5";"1";"2";"5";"5";"5";"";"";"";"";"";"";"";"";"";"";"";"";"";"";"";"";"";"";"";"";"";"";"";"";"";"";"";"";"";"";"1";"5";"3";"1";"5";"";"";"";"";"";"";"";"";"";"";"";"";"";"";"";"";"";"";"";"";"";"";"";"";"";"";"";"";"";"";"0";"1";"1";"1";"1";"0";"1";"1";"1";"1";"";"";"";"";"";"";"";"";"";"";"1";"1";"6";"4";"6";"";"";"";"";"";"";"";"";"";"";"";"";"";"";"";"";"";"";"";"";"1";"3";"5";"5";"5";"";"";"";"";"";"";"";"";"";"";"";"";"";"";"";"";"";"";"";"";"0";"3";"5";"4";"1";"0";"3";"3";"4";"1";"";"";"";"";"";"0";"2";"5";"4";"1";"0";"2";"5";"5";"1";"";"";"";"";"";"";"";"";"";"";"";"";"";"";"";"1";"0";"0";"556,78";"36,17%";"de";" 08/27/2019";"";"PC/Desktop";"Windows";"Firefox";"";" 00:09:16";"13";"11";"10";"43";"0";"0";"46";"0";"42";"0";"38";"26";"26";"0";"0";"0";"0";"0";"0";"18";"0";"0";"0";"0";"0";"0";"11";"16";"0";"0";"60";"0";"0";"0";"0";"38";"0";"0";"0";"0";"40";"25";"0";"57";"37";"0";"0";"0";"0"
"60";"2019-08-27";"1";"1";" 18-24";"1";"1";"1";"1";"1";"1";"4";"5";"5";"5";"0";"4";"5";"4";"3";"0";"5";"5";"4";"2";"0";"3";"4";"4";"3";"0";"3";"3";"3";"2";"1";"5";"5";"5";"5";"1";"5";"5";"5";"5";"1";"5";"5";"5";"5";"1";"4";"5";"5";"5";"0";"5";"5";"5";"5";"1";"3";"5";"3";"2";"1";"4";"5";"3";"5";"1";"5";"5";"5";"4";"1";"4";"5";"2";"5";"0";"3";"3";"3";"1";"0";"4";"4";"2";"3";"0";"4";"5";"3";"3";"0";"4";"5";"4";"3";"0";"4";"5";"3";"3";"0";"3";"4";"4";"5";"1";"3";"5";"4";"5";"0";"3";"3";"2";"2";"0";"4";"5";"4";"3";"0";"3";"3";"2";"2";"0";"5";"4";"5";"2";"0";"4";"5";"4";"3";"0";"4";"5";"4";"4";"0";"4";"5";"4";"2";"0";"5";"5";"5";"4";"0";"4";"5";"5";"5";"1";"4";"5";"5";"5";"1";"4";"6";"5";"5";"1";"5";"5";"5";"5";"1";"5";"5";"5";"5";"1";"4";"5";"5";"4";"0";"3";"5";"5";"5";"0";"5";"5";"3";"3";"0";"4";"5";"3";"3";"0";"3";"5";"3";"1";"0";"4";"5";"5";"2";"1";"4";"5";"5";"4";"1";"4";"5";"5";"5";"1";"4";"5";"5";"4";"1";"3";"4";"5";"3";"1";"4";"5";"5";"4";"1";"1";"1";"677,91";"100,00%";"de";" 08/27/2019";" 08/27/2019";"PC/Desktop";"Windows";"Chrome";"";" 00:11:17";"9";"22";"3";"14";"6";"40";"20";"23";"17";"6";"15";"6";"14";"21";"27";"19";"19";"29";"12";"37";"12";"13";"9";"11";"8";"9";"10";"21";"11";"11";"13";"15";"9";"8";"16";"6";"9";"16";"12";"10";"12";"16";"8";"22";"8";"10";"11";"5";"2"
"61";"2019-08-27";"1";"2";" 25-39";"1";"1";"1";"1";"1";"";"";"";"";"";"";"";"";"";"";"";"";"";"";"";"";"";"";"";"";"";"";"";"";"";"";"";"";"";"";"";"";"";"";"";"";"";"";"";"";"";"";"";"";"";"1";"2";"5";"3";"4";"";"";"";"";"";"";"";"";"";"";"";"";"";"";"";"";"";"";"";"";"";"";"";"";"";"";"";"";"";"";"";"";"";"";"";"";"";"";"";"";"";"";"";"";"";"";"";"";"";"";"";"";"";"";"";"";"";"";"";"";"";"";"";"";"";"";"";"";"";"";"";"";"";"";"";"";"";"";"";"";"";"";"";"";"";"";"";"";"";"";"";"";"";"";"";"";"";"";"";"";"";"";"";"";"";"";"";"";"";"";"";"";"";"";"";"";"";"";"";"";"";"";"";"";"";"";"";"";"";"";"";"";"";"";"";"";"";"";"";"";"0";"1";"3";"4";"4";"";"";"";"";"";"";"";"";"";"";"";"";"";"";"";"";"";"";"";"";"";"";"";"";"";"";"";"";"";"";"1";"0";"0";"79,96";"8,51%";"de";" 08/27/2019";"";"PC/Desktop";"Windows";"Firefox";"deref-gmx.net";" 00:01:19";"10";"18";"5";"0";"0";"0";"0";"0";"0";"0";"0";"0";"31";"0";"0";"0";"0";"0";"0";"0";"0";"0";"0";"0";"0";"0";"0";"0";"0";"0";"0";"0";"0";"0";"0";"0";"0";"0";"0";"0";"0";"17";"0";"0";"0";"0";"0";"0";"0"
"62";"2019-08-27";"1";"1";" 25-39";"";"";"1";"";"";"1";"5";"6";"6";"6";"1";"5";"5";"5";"6";"1";"5";"5";"3";"5";"1";"5";"5";"4";"5";"0";"3";"4";"4";"5";"1";"5";"5";"5";"6";"1";"5";"5";"5";"5";"1";"5";"5";"3";"5";"0";"3";"5";"3";"5";"1";"3";"5";"3";"5";"1";"5";"5";"5";"6";"1";"5";"5";"5";"5";"1";"5";"5";"3";"5";"0";"4";"3";"2";"4";"0";"2";"2";"3";"2";"0";"5";"5";"2";"4";"0";"3";"5";"4";"5";"0";"5";"5";"2";"5";"0";"5";"5";"3";"5";"0";"2";"2";"2";"3";"1";"3";"3";"3";"4";"1";"2";"1";"1";"2";"0";"2";"2";"2";"3";"0";"1";"1";"1";"1";"0";"1";"1";"1";"1";"0";"3";"3";"3";"4";"0";"5";"3";"3";"4";"0";"3";"3";"5";"4";"1";"4";"5";"5";"6";"1";"5";"5";"6";"6";"1";"5";"6";"6";"6";"1";"5";"5";"6";"6";"1";"5";"6";"6";"6";"0";"3";"5";"5";"5";"0";"3";"5";"5";"5";"1";"3";"5";"5";"5";"0";"3";"5";"5";"2";"0";"3";"5";"5";"2";"0";"3";"3";"3";"4";"0";"3";"3";"3";"4";"1";"5";"5";"5";"5";"1";"5";"5";"4";"6";"0";"3";"5";"5";"5";"0";"3";"5";"4";"5";"0";"2";"3";"4";"4";"1";"1";"1";"693,48";"100,00%";"de";" 08/27/2019";" 08/27/2019";"PC/Desktop";"Windows";"Firefox";"";" 00:11:33";"9";"16";"5";"11";"13";"14";"13";"20";"16";"15";"17";"13";"25";"12";"10";"21";"14";"56";"13";"12";"19";"15";"12";"16";"14";"10";"9";"7";"11";"19";"8";"10";"16";"11";"14";"20";"10";"14";"13";"16";"30";"10";"8";"6";"13";"10";"16";"10";"3"
"63";"2019-08-29";"1";"1";" 18-24";"";"";"1";"";"";"";"";"";"";"";"";"";"";"";"";"";"";"";"";"";"";"";"";"";"";"";"";"";"";"";"";"";"";"";"";"";"";"";"";"";"";"";"";"";"";"0";"4";"4";"3";"4";"";"";"";"";"";"";"";"";"";"";"";"";"";"";"";"";"";"";"";"";"";"";"";"";"";"";"";"";"";"";"";"";"";"";"";"";"";"";"";"";"";"";"";"";"";"";"";"";"";"";"";"";"";"";"";"";"";"";"";"";"";"";"";"";"";"";"";"";"";"";"";"";"";"";"";"";"";"";"";"";"";"";"";"";"";"";"";"";"";"";"";"";"";"";"";"";"";"";"";"";"";"";"";"";"";"";"";"";"";"";"";"";"";"";"";"";"";"";"";"";"";"";"";"";"";"";"";"";"";"";"";"";"";"";"";"";"";"";"";"";"";"";"";"";"";"";"";"";"";"";"";"";"";"";"";"";"";"";"";"";"";"";"";"";"";"";"";"";"";"";"";"";"";"";"";"";"";"";"";"";"1";"0";"0";"471,05";"6,38%";"de";" 08/29/2019";"";"PC/Desktop";"Mac OS";"Safari";"";" 00:07:51";"434";"12";"5";"0";"0";"0";"0";"0";"0";"0";"0";"20";"0";"0";"0";"0";"0";"0";"0";"0";"0";"0";"0";"0";"0";"0";"0";"0";"0";"0";"0";"0";"0";"0";"0";"0";"0";"0";"0";"0";"0";"0";"0";"0";"0";"0";"0";"0";"0"
"64";"2019-08-29";"1";"2";" 25-39";"";"1";"1";"";"";"1";"5";"5";"6";"6";"0";"4";"5";"4";"1";"0";"2";"2";"2";"1";"0";"5";"1";"2";"2";"0";"1";"2";"2";"1";"0";"2";"2";"5";"4";"1";"3";"4";"5";"5";"0";"3";"5";"5";"3";"0";"4";"1";"2";"2";"0";"2";"2";"3";"2";"1";"3";"5";"5";"6";"1";"4";"4";"5";"6";"0";"5";"4";"4";"4";"0";"4";"3";"3";"1";"0";"2";"2";"4";"1";"0";"2";"1";"1";"1";"0";"4";"4";"5";"2";"1";"5";"6";"6";"6";"0";"4";"3";"3";"2";"0";"3";"2";"1";"1";"1";"2";"1";"2";"6";"1";"2";"2";"2";"6";"0";"2";"2";"1";"1";"0";"2";"2";"1";"1";"0";"1";"2";"1";"1";"0";"5";"4";"4";"1";"0";"5";"5";"5";"3";"0";"5";"5";"6";"2";"1";"6";"5";"6";"6";"1";"5";"5";"6";"6";"1";"2";"5";"5";"6";"1";"2";"5";"5";"5";"1";"2";"5";"5";"3";"0";"2";"3";"4";"5";"0";"2";"5";"5";"1";"1";"2";"3";"4";"5";"0";"2";"3";"4";"3";"0";"1";"2";"5";"1";"0";"2";"1";"2";"2";"0";"2";"3";"5";"1";"0";"5";"5";"5";"6";"0";"4";"5";"5";"6";"0";"5";"5";"5";"2";"0";"4";"5";"4";"3";"0";"5";"4";"5";"1";"1";"1";"1";"605,55";"100,00%";"de";" 08/29/2019";" 08/29/2019";"PC/Desktop";"Windows";"Firefox";"";" 00:10:05";"19";"15";"5";"8";"12";"12";"24";"8";"30";"15";"18";"19";"15";"12";"12";"15";"9";"10";"11";"9";"10";"12";"6";"15";"16";"13";"9";"9";"10";"9";"14";"10";"8";"10";"9";"12";"21";"9";"14";"14";"12";"9";"18";"11";"14";"14";"10";"10";"1"
"65";"2019-08-30";"1";"1";" 40-59";"";"";"";"";"";"";"";"";"";"";"";"";"";"";"";"";"";"";"";"";"";"";"";"";"";"1";"1";"4";"2";"6";"";"";"";"";"";"";"";"";"";"";"";"";"";"";"";"";"";"";"";"";"";"";"";"";"";"";"";"";"";"";"";"";"";"";"";"";"";"";"";"";"";"";"";"";"";"";"";"";"";"";"";"";"";"";"";"";"";"";"";"";"";"";"";"";"";"";"";"";"";"";"";"";"";"";"";"";"";"";"";"";"";"";"";"";"";"";"";"";"";"";"";"";"";"";"";"";"";"";"";"";"";"";"";"";"";"";"";"";"";"";"";"";"";"";"";"";"";"";"";"";"";"";"";"";"";"";"";"";"";"";"";"";"";"";"";"";"";"";"";"";"";"";"";"";"";"";"";"";"";"";"";"";"";"";"";"";"";"";"";"";"";"";"";"";"";"0";"1";"6";"6";"5";"";"";"";"";"";"";"";"";"";"";"";"";"";"";"";"";"";"";"";"";"";"";"";"";"";"";"";"";"";"";"1";"0";"0";"99,65";"7,45%";"de";" 08/30/2019";"";"Handy";"iOS";"Safari";"";" 00:01:39";"19";"30";"3";"0";"0";"0";"0";"21";"0";"0";"0";"0";"0";"0";"0";"0";"0";"0";"0";"0";"0";"0";"0";"0";"0";"0";"0";"0";"0";"0";"0";"0";"0";"0";"0";"0";"0";"0";"0";"0";"0";"18";"0";"0";"8";"0";"0";"0";"0"
"66";"2019-08-30";"1";"1";" 18-24";"";"";"";"";"";"1";"6";"6";"6";"6";"";"";"";"";"";"0";"2";"3";"3";"5";"";"";"";"";"";"";"";"";"";"";"";"";"";"";"";"";"";"";"";"";"";"";"";"";"";"0";"4";"4";"4";"4";"";"";"";"";"";"1";"5";"4";"4";"3";"";"";"";"";"";"";"";"";"";"";"";"";"";"";"";"";"";"";"";"";"";"";"";"";"";"";"";"";"";"";"0";"3";"2";"2";"2";"";"";"";"";"";"";"";"";"";"";"";"";"";"";"";"";"";"";"";"";"0";"2";"1";"1";"1";"";"";"";"";"";"";"";"";"";"";"";"";"";"";"";"";"";"";"";"";"";"";"";"";"";"1";"5";"6";"6";"6";"1";"5";"5";"5";"6";"";"";"";"";"";"";"";"";"";"";"";"";"";"";"";"";"";"";"";"";"";"";"";"";"";"";"";"";"";"";"";"";"";"";"";"";"";"";"";"";"";"";"";"";"";"0";"4";"3";"4";"4";"";"";"";"";"";"0";"2";"2";"3";"1";"";"";"";"";"";"";"";"";"";"";"";"";"";"";"";"1";"0";"0";"191,76";"24,47%";"de";" 08/30/2019";"";"Handy";"iOS";"Safari";"";" 00:03:11";"6";"15";"6";"10";"0";"23";"0";"0";"0";"0";"0";"45";"0";"12";"0";"0";"0";"0";"0";"0";"14";"0";"0";"0";"0";"11";"0";"0";"0";"0";"0";"12";"16";"0";"0";"0";"0";"0";"0";"0";"0";"0";"10";"0";"12";"0";"0";"0";"0"
"67";"2019-08-30";"1";"1";" 40-59";"";"";"";"";"";"1";"5";"5";"5";"5";"1";"5";"5";"5";"5";"0";"2";"4";"1";"3";"0";"2";"2";"2";"3";"1";"2";"1";"1";"4";"1";"4";"4";"4";"4";"1";"5";"5";"5";"6";"1";"5";"5";"4";"5";"1";"5";"5";"5";"5";"1";"5";"5";"5";"5";"1";"5";"4";"3";"5";"1";"5";"5";"5";"5";"0";"3";"3";"3";"2";"0";"3";"3";"3";"2";"0";"3";"3";"3";"2";"1";"5";"5";"5";"5";"1";"5";"5";"5";"5";"1";"6";"6";"6";"6";"1";"5";"5";"5";"5";"0";"4";"2";"2";"2";"1";"3";"3";"3";"3";"0";"3";"3";"2";"3";"0";"3";"3";"3";"3";"0";"2";"3";"2";"2";"0";"1";"2";"2";"1";"0";"5";"5";"4";"4";"0";"6";"6";"5";"5";"1";"5";"5";"5";"5";"1";"5";"5";"5";"5";"1";"5";"5";"5";"5";"1";"5";"5";"5";"5";"1";"5";"5";"5";"5";"1";"5";"5";"5";"5";"1";"6";"6";"6";"6";"1";"5";"5";"5";"5";"1";"2";"4";"4";"5";"0";"3";"3";"3";"3";"0";"1";"4";"3";"1";"0";"1";"5";"4";"5";"0";"3";"5";"3";"3";"1";"5";"5";"5";"5";"1";"6";"6";"5";"6";"1";"5";"5";"4";"6";"0";"4";"4";"3";"3";"0";"4";"4";"4";"4";"1";"1";"1";"815,71";"98,94%";"de";" 08/30/2019";" 08/30/2019";"Handy";"iOS";"Safari";"";" 00:13:35";"7";"21";"4";"13";"13";"31";"18";"21";"12";"17";"12";"14";"10";"13";"10";"12";"16";"26";"16";"10";"9";"22";"18";"17";"15";"8";"12";"12";"14";"17";"11";"8";"15";"9";"15";"14";"10";"9";"24";"125";"26";"18";"18";"24";"11";"11";"20";"10";"2"
"68";"2019-08-30";"1";"1";" 40-59";"";"";"";"";"";"1";"6";"6";"6";"6";"1";"5";"6";"5";"5";"1";"5";"5";"5";"5";"1";"5";"6";"6";"5";"1";"4";"4";"5";"5";"1";"5";"6";"6";"6";"1";"6";"6";"6";"6";"1";"6";"6";"6";"6";"1";"5";"6";"5";"5";"1";"5";"5";"5";"4";"1";"5";"5";"5";"6";"0";"4";"5";"4";"5";"1";"4";"5";"5";"5";"0";"4";"4";"4";"5";"0";"3";"4";"4";"4";"1";"6";"6";"6";"6";"1";"6";"6";"6";"6";"1";"6";"6";"6";"6";"1";"6";"6";"6";"6";"0";"5";"6";"5";"5";"0";"4";"5";"5";"5";"0";"3";"4";"3";"4";"0";"4";"4";"4";"4";"0";"2";"3";"3";"3";"0";"4";"4";"3";"4";"1";"6";"6";"6";"6";"1";"5";"5";"5";"5";"1";"4";"5";"4";"4";"1";"6";"6";"6";"6";"1";"6";"6";"6";"6";"1";"6";"6";"6";"6";"1";"6";"6";"6";"6";"1";"6";"6";"6";"6";"0";"5";"5";"6";"6";"1";"6";"6";"6";"6";"1";"1";"4";"5";"5";"0";"3";"3";"3";"4";"0";"1";"3";"4";"3";"0";"1";"2";"3";"3";"0";"4";"4";"4";"4";"1";"5";"5";"5";"6";"1";"6";"6";"6";"6";"0";"5";"6";"6";"5";"0";"4";"4";"6";"5";"0";"5";"6";"6";"5";"1";"1";"1";"925,69";"98,94%";"de";" 08/30/2019";" 08/30/2019";"Handy";"iOS";"Safari";"";" 00:15:25";"4";"15";"2";"16";"19";"20";"31";"25";"20";"9";"15";"30";"28";"20";"19";"24";"17";"19";"19";"14";"14";"26";"39";"20";"24";"16";"17";"24";"18";"23";"21";"18";"15";"13";"12";"16";"24";"14";"20";"25";"24";"19";"19";"25";"20";"20";"15";"16";"2"
"69";"2019-08-30";"1";"2";" 60-79";"";"";"";"";"";"1";"5";"5";"5";"5";"0";"1";"1";"1";"1";"0";"1";"1";"1";"1";"0";"1";"1";"1";"1";"0";"1";"1";"1";"1";"1";"5";"5";"5";"5";"1";"6";"6";"6";"6";"1";"5";"5";"5";"5";"1";"6";"6";"6";"6";"1";"5";"5";"5";"5";"1";"3";"3";"3";"3";"1";"3";"3";"3";"3";"1";"5";"5";"5";"5";"1";"4";"4";"4";"4";"1";"4";"4";"4";"4";"1";"4";"4";"4";"4";"1";"4";"4";"4";"4";"1";"3";"3";"3";"4";"1";"4";"4";"4";"4";"1";"6";"6";"6";"6";"0";"2";"1";"1";"1";"0";"3";"3";"3";"3";"0";"1";"1";"1";"1";"0";"1";"1";"1";"1";"0";"1";"1";"1";"1";"1";"5";"5";"5";"5";"1";"3";"3";"3";"4";"1";"6";"6";"6";"6";"1";"4";"4";"4";"4";"1";"5";"5";"5";"5";"1";"4";"4";"4";"4";"1";"4";"4";"4";"4";"1";"4";"4";"4";"4";"1";"3";"4";"4";"4";"1";"6";"6";"6";"6";"0";"1";"1";"1";"1";"0";"2";"2";"2";"2";"0";"1";"1";"1";"1";"0";"1";"1";"1";"1";"0";"1";"1";"1";"1";"1";"6";"6";"6";"6";"1";"5";"5";"5";"5";"1";"5";"5";"5";"5";"1";"5";"5";"5";"5";"1";"6";"6";"6";"6";"1";"1";"1";"1127,48";"98,94%";"de";" 08/30/2019";" 08/30/2019";"Handy";"Android";"Sonstige";"";" 00:18:47";"12";"37";"17";"14";"25";"16";"25";"22";"20";"11";"35";"16";"25";"28";"23";"15";"31";"17";"14";"13";"26";"18";"24";"93";"69";"16";"13";"16";"23";"44";"23";"17";"14";"30";"27";"19";"50";"13";"24";"26";"13";"12";"15";"12";"15";"18";"24";"12";"6"
"70";"2019-08-30";"1";"2";" 18-24";"1";"";"1";"";"";"1";"5";"6";"6";"6";"0";"4";"3";"3";"4";"0";"3";"3";"3";"3";"0";"2";"3";"2";"3";"1";"3";"3";"3";"5";"1";"4";"4";"4";"4";"1";"5";"5";"5";"5";"1";"5";"5";"6";"5";"0";"4";"4";"4";"4";"0";"3";"4";"4";"2";"1";"4";"4";"4";"4";"1";"5";"5";"5";"5";"1";"5";"4";"5";"5";"0";"3";"2";"3";"2";"0";"1";"1";"1";"1";"0";"2";"2";"2";"2";"0";"3";"3";"3";"3";"0";"4";"4";"4";"4";"0";"2";"2";"2";"2";"0";"2";"2";"2";"1";"1";"4";"5";"5";"5";"1";"4";"5";"5";"5";"0";"3";"2";"3";"2";"0";"1";"1";"1";"1";"0";"1";"1";"1";"1";"1";"5";"5";"5";"5";"1";"4";"5";"5";"5";"0";"3";"3";"3";"3";"1";"5";"5";"5";"5";"1";"5";"5";"5";"5";"1";"5";"5";"5";"6";"1";"5";"6";"5";"6";"1";"5";"5";"5";"5";"1";"4";"4";"4";"4";"0";"4";"4";"5";"4";"1";"5";"5";"5";"5";"0";"3";"4";"4";"3";"0";"2";"2";"2";"2";"0";"1";"1";"2";"1";"0";"3";"4";"4";"1";"0";"5";"5";"5";"4";"0";"3";"3";"3";"3";"1";"4";"5";"4";"5";"0";"4";"4";"4";"2";"0";"1";"1";"1";"1";"1";"1";"1";"655,3";"100,00%";"de";" 08/30/2019";" 08/30/2019";"PC/Desktop";"Windows";"Chrome";"";" 00:10:55";"17";"18";"6";"12";"18";"14";"10";"28";"10";"14";"14";"26";"13";"20";"10";"27";"7";"6";"13";"5";"20";"7";"9";"20";"34";"16";"5";"8";"21";"12";"10";"7";"9";"7";"16";"13";"11";"12";"12";"10";"3";"6";"8";"22";"5";"38";"16";"8";"1"
"72";"2019-09-01";"1";"2";" 18-24";"";"";"";"";"";"1";"6";"6";"6";"6";"1";"5";"5";"3";"6";"0";"5";"5";"5";"6";"1";"4";"4";"2";"6";"1";"4";"2";"1";"5";"0";"5";"6";"6";"5";"0";"4";"5";"6";"4";"0";"3";"4";"4";"3";"0";"4";"4";"4";"5";"0";"1";"2";"3";"2";"1";"6";"6";"5";"6";"0";"6";"5";"4";"4";"0";"4";"4";"4";"3";"0";"4";"1";"1";"1";"0";"2";"1";"1";"1";"0";"2";"1";"1";"1";"0";"3";"3";"4";"5";"0";"5";"5";"5";"6";"0";"5";"5";"5";"6";"0";"1";"1";"1";"1";"0";"1";"1";"1";"1";"0";"1";"1";"1";"1";"0";"1";"1";"1";"1";"0";"1";"1";"1";"1";"0";"3";"1";"1";"1";"0";"1";"1";"1";"1";"0";"5";"5";"6";"4";"0";"2";"1";"1";"1";"1";"6";"6";"6";"6";"0";"6";"6";"6";"6";"1";"6";"6";"6";"6";"0";"6";"6";"6";"6";"1";"4";"6";"6";"6";"0";"5";"6";"6";"3";"0";"3";"3";"3";"3";"0";"4";"5";"5";"3";"0";"4";"4";"4";"4";"0";"1";"1";"1";"1";"0";"4";"1";"1";"1";"0";"1";"1";"1";"1";"0";"4";"4";"4";"4";"0";"3";"2";"2";"1";"0";"1";"1";"1";"1";"0";"1";"1";"1";"1";"0";"3";"2";"2";"1";"1";"1";"1";"611,91";"98,94%";"de";" 09/01/2019";" 09/01/2019";"PC/Desktop";"Windows";"Internet Explorer";"";" 00:10:11";"10";"12";"47";"8";"23";"9";"19";"21";"12";"15";"25";"7";"36";"19";"17";"10";"7";"8";"10";"13";"12";"10";"8";"7";"6";"7";"5";"11";"5";"10";"11";"8";"8";"10";"16";"11";"12";"7";"29";"8";"7";"28";"7";"6";"9";"10";"7";"8";"2"
"73";"2019-09-02";"1";"1";" 25-39";"";"";"1";"";"";"1";"5";"6";"6";"6";"1";"2";"2";"4";"6";"1";"3";"4";"2";"6";"1";"3";"3";"2";"6";"1";"2";"4";"2";"6";"1";"6";"6";"6";"6";"1";"6";"6";"6";"6";"1";"5";"6";"6";"6";"0";"5";"5";"5";"4";"0";"4";"4";"5";"5";"1";"6";"6";"6";"6";"1";"5";"5";"6";"5";"1";"4";"5";"5";"4";"0";"6";"2";"5";"6";"0";"4";"4";"5";"4";"0";"4";"5";"5";"3";"0";"4";"6";"6";"6";"1";"5";"6";"6";"6";"0";"5";"6";"6";"6";"0";"2";"3";"5";"1";"1";"3";"5";"5";"5";"1";"2";"5";"4";"5";"0";"3";"4";"3";"2";"0";"4";"5";"4";"3";"0";"2";"3";"4";"2";"1";"5";"5";"6";"5";"1";"6";"5";"5";"5";"1";"5";"4";"5";"3";"1";"5";"6";"6";"6";"1";"5";"6";"6";"6";"1";"4";"5";"6";"6";"1";"4";"6";"6";"6";"1";"5";"6";"6";"6";"1";"5";"5";"5";"4";"0";"4";"4";"4";"3";"0";"4";"4";"4";"4";"0";"3";"4";"4";"5";"0";"2";"3";"5";"2";"0";"2";"4";"4";"3";"0";"2";"4";"4";"2";"1";"5";"6";"6";"6";"1";"5";"6";"6";"5";"0";"4";"5";"5";"5";"0";"3";"4";"4";"3";"0";"4";"5";"4";"3";"1";"1";"1";"693,26";"100,00%";"de";" 09/02/2019";" 09/02/2019";"PC/Desktop";"Windows";"Chrome";"";" 00:11:33";"8";"20";"6";"7";"26";"21";"19";"18";"8";"7";"16";"15";"12";"17";"14";"22";"34";"16";"13";"19";"24";"24";"16";"11";"18";"19";"8";"17";"13";"12";"16";"11";"14";"13";"8";"10";"9";"15";"20";"13";"12";"9";"9";"8";"10";"15";"10";"10";"2"
"74";"2019-09-02";"1";"2";" 25-39";"";"";"";"";"";"1";"6";"6";"6";"6";"0";"2";"3";"6";"6";"0";"1";"1";"1";"1";"0";"1";"1";"2";"2";"0";"2";"2";"3";"2";"1";"6";"6";"6";"6";"1";"6";"5";"6";"5";"0";"5";"6";"5";"1";"0";"5";"2";"4";"1";"0";"1";"1";"1";"1";"1";"6";"1";"5";"6";"1";"6";"1";"5";"6";"0";"6";"6";"6";"6";"0";"1";"1";"1";"1";"0";"1";"1";"4";"1";"0";"4";"6";"6";"1";"1";"6";"5";"5";"6";"1";"6";"6";"6";"6";"1";"6";"6";"5";"6";"0";"2";"3";"3";"1";"1";"4";"1";"5";"5";"1";"6";"1";"3";"6";"0";"1";"1";"3";"1";"0";"1";"1";"3";"1";"0";"1";"1";"3";"1";"1";"5";"6";"6";"6";"0";"5";"5";"5";"2";"0";"2";"1";"1";"1";"1";"5";"6";"6";"6";"1";"5";"5";"5";"6";"1";"6";"5";"5";"6";"1";"5";"5";"5";"6";"1";"5";"5";"5";"5";"0";"6";"5";"6";"1";"0";"6";"1";"1";"1";"0";"5";"5";"5";"6";"0";"1";"1";"2";"1";"0";"4";"5";"5";"1";"0";"4";"2";"4";"1";"0";"2";"2";"2";"1";"0";"5";"6";"6";"1";"1";"5";"5";"1";"1";"0";"5";"1";"1";"6";"0";"2";"6";"1";"4";"0";"5";"5";"5";"2";"1";"1";"1";"515,72";"98,94%";"de";" 09/02/2019";" 09/02/2019";"Handy";"Android";"Sonstige";"";" 00:08:35";"8";"8";"3";"7";"10";"12";"14";"11";"7";"20";"11";"11";"10";"8";"12";"7";"7";"11";"11";"9";"8";"6";"14";"13";"9";"7";"10";"10";"6";"7";"15";"10";"10";"13";"15";"9";"20";"7";"7";"9";"8";"7";"9";"13";"29";"20";"14";"10";"2"
"75";"2019-09-03";"1";"2";" 18-24";"";"";"";"";"";"1";"4";"5";"6";"5";"1";"4";"5";"2";"5";"0";"4";"3";"4";"3";"0";"5";"5";"4";"3";"0";"2";"3";"3";"2";"1";"2";"5";"5";"5";"0";"2";"5";"6";"5";"0";"3";"5";"5";"4";"0";"2";"5";"5";"3";"1";"1";"5";"5";"4";"1";"5";"3";"4";"6";"1";"4";"5";"5";"5";"1";"4";"5";"5";"6";"0";"4";"5";"4";"2";"0";"4";"4";"4";"2";"0";"5";"4";"3";"2";"1";"5";"5";"4";"5";"0";"5";"4";"4";"3";"0";"4";"5";"5";"3";"0";"4";"4";"4";"1";"1";"3";"4";"5";"6";"1";"4";"3";"3";"4";"0";"2";"4";"4";"2";"0";"3";"5";"4";"1";"0";"2";"3";"3";"1";"0";"4";"5";"4";"2";"0";"4";"5";"5";"3";"0";"3";"4";"4";"2";"1";"4";"5";"6";"5";"1";"4";"5";"5";"4";"1";"4";"5";"5";"6";"1";"4";"5";"5";"5";"1";"4";"5";"5";"6";"0";"4";"5";"5";"3";"0";"4";"5";"5";"3";"0";"3";"4";"5";"4";"0";"3";"5";"5";"2";"0";"3";"4";"5";"2";"0";"3";"4";"5";"2";"0";"4";"5";"6";"1";"0";"4";"5";"5";"4";"0";"4";"5";"5";"3";"0";"4";"5";"5";"2";"0";"4";"5";"4";"2";"0";"4";"5";"4";"2";"1";"1";"1";"708,56";"98,94%";"de";" 09/03/2019";" 09/03/2019";"PC/Desktop";"Windows";"Firefox";"";" 00:11:48";"10";"14";"7";"12";"22";"16";"15";"12";"21";"14";"14";"14";"21";"18";"13";"18";"14";"12";"18";"17";"19";"13";"12";"18";"23";"17";"15";"11";"13";"13";"17";"11";"11";"12";"14";"23";"21";"13";"15";"12";"12";"11";"11";"14";"13";"14";"13";"14";"3"
"76";"2019-09-12";"1";"1";" 18-24";"1";"1";"";"";"";"";"";"";"";"";"";"";"";"";"";"";"";"";"";"";"";"";"";"";"";"";"";"";"";"";"";"";"";"";"";"";"";"";"";"";"";"";"";"";"";"";"";"";"";"";"";"";"";"";"";"";"";"";"";"";"";"";"";"";"";"";"";"";"";"";"";"";"";"";"";"";"";"";"";"";"";"";"";"";"";"";"";"";"";"";"";"";"";"";"";"";"";"";"";"";"";"";"";"";"";"";"";"";"";"";"";"";"";"";"";"";"";"";"";"";"";"";"";"";"";"";"";"";"";"";"";"";"";"";"";"";"";"";"";"";"";"";"";"";"";"";"";"";"";"";"";"";"";"";"";"";"";"";"";"";"";"";"";"";"";"";"";"";"";"";"";"";"";"";"";"";"";"";"";"";"";"";"";"";"";"";"";"";"";"";"";"";"";"";"";"";"";"";"";"";"";"";"";"";"";"";"";"";"";"";"";"";"";"";"";"";"";"";"";"";"";"";"";"";"";"";"";"";"";"";"1";"0";"0";"23,85";"4,26%";"de";" 09/12/2019";"";"PC/Desktop";"Windows";"Firefox";"";" 00:00:23";"7";"13";"3";"0";"0";"0";"0";"0";"0";"0";"0";"0";"0";"0";"0";"0";"0";"0";"0";"0";"0";"0";"0";"0";"0";"0";"0";"0";"0";"0";"0";"0";"0";"0";"0";"0";"0";"0";"0";"0";"0";"0";"0";"0";"0";"0";"0";"0";"0"
"77";"2019-09-20";"1";"1";" 40-59";"";"";"1";"";"";"";"";"";"";"";"";"";"";"";"";"";"";"";"";"";"";"";"";"";"";"";"";"";"";"";"";"";"";"";"";"1";"4";"6";"6";"5";"";"";"";"";"";"";"";"";"";"";"";"";"";"";"";"1";"3";"3";"4";"4";"";"";"";"";"";"1";"2";"3";"3";"4";"";"";"";"";"";"";"";"";"";"";"";"";"";"";"";"";"";"";"";"";"";"";"";"";"";"";"";"";"";"";"0";"5";"5";"5";"1";"";"";"";"";"";"";"";"";"";"";"";"";"";"";"";"0";"1";"1";"1";"1";"";"";"";"";"";"1";"6";"6";"6";"6";"";"";"";"";"";"";"";"";"";"";"";"";"";"";"";"1";"6";"6";"6";"6";"";"";"";"";"";"";"";"";"";"";"";"";"";"";"";"";"";"";"";"";"";"";"";"";"";"";"";"";"";"";"0";"3";"6";"5";"2";"";"";"";"";"";"0";"3";"4";"3";"2";"";"";"";"";"";"";"";"";"";"";"";"";"";"";"";"";"";"";"";"";"";"";"";"";"";"";"";"";"";"";"1";"0";"0";"198,16";"23,40%";"de";" 09/20/2019";"";"Handy";"iOS";"Safari";"";" 00:03:18";"7";"16";"4";"0";"0";"0";"0";"0";"0";"20";"0";"0";"0";"30";"0";"32";"0";"0";"0";"0";"0";"0";"16";"0";"0";"0";"14";"0";"9";"0";"0";"0";"10";"0";"0";"0";"0";"0";"0";"19";"0";"21";"0";"0";"0";"0";"0";"0";"0"
